Game step;Thinking time(ms);Search time(ms);Iterations;Visited nodes;Added nodes;Memorized states;Iterations/second;Nodes/second;Chosen move;Move score sum;Move visits;Avg move score;Avg search score [ white black ];
0;4990;4989;16673;349524.0;16673;0;3341.952295049108;70058.92964521948;null;-1;-1;-1;[ 44.683020452228156 55.316979547771844 ];
1;14990;14988;62828;1141399.0;62828;0;4191.886842807579;76154.1900186816;( move 6 2 5 3 );2541100.0;51012;49.813769309182156;[ 48.037499204176484 51.962500795823516 ];
