Game step;Thinking time(ms);Search time(ms);Iterations;Visited nodes;Added nodes;Memorized states;Iterations/second;Nodes/second;Chosen move;Move score sum;Move visits;Avg move score;Avg search score [ white black ];
0;4991;4990;15261;346033.0;15261;0;3058.3166332665332;69345.29058116232;null;-1;-1;-1;[ 54.26249918091868 45.73750081908132 ];
1;14991;14989;68675;1184834.0;68673;0;4581.693241710588;79046.9010607779;( move 3 2 4 3 );2623300.0;41759;62.81999090016524;[ 59.84419366581726 40.15580633418274 ];
