Game step;Thinking time(ms);Search time(ms);Iterations;Visited nodes;Added nodes;Memorized states;Iterations/second;Nodes/second;Chosen move;Move score sum;Move visits;Avg move score;Avg search score [ white red ];
0;4993;4991;88621;1499735.0;84106;0;17756.16108996193;300487.8781807253;null;-1;-1;-1;[ 67.92859480258629 32.0714051974137 ];
1;14993;14991;257151;4799650.0;237139;0;17153.692215329196;320168.7679274231;( drop 3 );4351100.0;57816;75.25771412757715;[ 69.86187104075037 30.138128959249624 ];
2;10000;9981;162650;3296495.0;140458;0;16295.962328424006;330277.02635006513;noop;1.55119E7;220465;70.35992107590774;[ 68.61912081155856 31.38087918844144 ];
3;10000;9971;177459;3295094.0;146198;0;17797.512787082538;330467.7564938321;( drop 4 );4837900.0;69074;70.03937805831427;[ 69.42335976197319 30.576640238026812 ];
4;10000;9957;160124;3283779.0;116343;0;16081.550667871848;329796.0228984634;noop;1.61882E7;229197;70.63006932900518;[ 70.88443955934152 29.11556044065849 ];
5;10000;9964;1061253;3223034.0;3648;0;106508.73143315938;323467.88438378164;( drop 5 );1.0602505E8;1061397;99.89198198223662;[ 99.87519469909626 0.12480530090374303 ];
6;10000;9976;1318443;2644931.0;767;0;132161.4875701684;265129.41058540496;noop;2.379918E8;2381324;99.94095721539782;[ 99.9843375860769 0.015662413923089584 ];
7;10000;9984;2312016;2313215.0;122;0;231572.11538461538;231692.20753205128;( drop 6 );1.321173E8;1321173;100.0;[ 99.99857267423755 0.001427325762451471 ];
