Game step;Thinking time(ms);Search time(ms);Iterations;Visited nodes;Added nodes;Memorized states;Iterations/second;Nodes/second;Chosen move;Move score sum;Move visits;Avg move score;Avg search score [ white black ];
0;4989;4986;14188;307630.0;14188;0;2845.5675892499;61698.7565182511;null;-1;-1;-1;[ 44.995771074147164 55.004228925852836 ];
1;14989;14985;69832;1149628.0;69832;0;4660.1267934601265;76718.58525191859;( move 5 2 6 3 );2815000.0;54384;51.7615475139747;[ 49.733646465803645 50.266353534196355 ];
2;10000;9995;55491;858661.0;55491;0;5551.8759379689845;85909.05452726364;noop;5451900.0;109874;49.61956422811584;[ 47.521219657241716 52.478780342758284 ];
3;10000;9985;46872;723262.0;46872;0;4694.241362043064;72434.85227841763;( move 6 3 7 4 );1461300.0;24372;59.958148695224025;[ 58.17118962280252 41.82881037719748 ];
4;10000;9983;56177;839889.0;56177;0;5627.266352799759;84131.92427126114;noop;3959000.0;80548;49.15081690420619;[ 44.46303647400182 55.53696352599818 ];
