Game step;Thinking time(ms);Search time(ms);Iterations;Visited nodes;Added nodes;Memorized states;Iterations/second;Nodes/second;Chosen move;Move score sum;Move visits;Avg move score;Avg search score [ white black ];
0;4990;4988;15422;346837.0;15422;0;3091.8203688853246;69534.28227746591;null;-1;-1;-1;[ 35.00842951627545 64.99157048372454 ];
1;14990;14987;67795;1175352.0;67789;0;4523.587108827651;78424.7681323814;( move 8 2 8 3 );3367200.0;57024;59.04882154882155;[ 54.65594807876687 45.34405192123313 ];
