Game step;Thinking time(ms);Search time(ms);Iterations;Visited nodes;Added nodes;Memorized states;Iterations/second;Nodes/second;Chosen move;Move score sum;Move visits;Avg move score;Avg search score [ white black ];
0;4994;4992;17825;350581.0;17825;0;3570.713141025641;70228.5657051282;null;-1;-1;-1;[ 54.52454417952314 45.47545582047686 ];
1;14994;14991;72972;1173978.0;72952;0;4867.720632379428;78312.18731238744;( move 2 2 2 3 );4076800.0;65457;62.28210886536199;[ 60.86992271008058 39.13007728991942 ];
2;10000;9993;63290;994367.0;62496;0;6333.433403382368;99506.35444811368;noop;7615100.0;128746;59.148245382380814;[ 55.90614631063359 44.09385368936641 ];
