Game step;Thinking time(ms);Search time(ms);Iterations;Visited nodes;Added nodes;Memorized states;Iterations/second;Nodes/second;Chosen move;Move score sum;Move visits;Avg move score;Avg search score [ white red ];
0;4989;4985;26851;579347.0;26668;0;5386.359077231695;116218.05416248746;null;-1;-1;-1;[ 58.686827306245576 41.313172693754424 ];
1;14989;14984;89290;1965218.0;86902;0;5959.022957821677;131154.4313934864;noop;3903600.0;89290;43.71822152536678;[ 56.28177847463322 43.71822152536678 ];
2;10000;9993;64886;1345901.0;60001;0;6493.145201641149;134684.37906534574;( drop 4 );3669700.0;61587;59.585626836832446;[ 41.19301544246833 58.80698455753167 ];
3;10000;9982;68131;1427691.0;62199;0;6825.3856942496495;143026.54778601482;noop;7654900.0;129717;59.012311416391064;[ 41.50533530991766 58.49466469008234 ];
4;10000;9979;78360;1418044.0;67338;0;7852.490229481912;142102.8159134182;( drop 4 );4566900.0;72647;62.864261428551764;[ 38.333333333333336 61.666666666666664 ];
5;10000;9981;96160;1664175.0;75911;0;9634.3051798417;166734.29516080554;noop;1.057915E7;168806;62.67046195040461;[ 37.47660149750416 62.52339850249584 ];
6;10000;9980;80253;1483812.0;67958;0;8041.382765531062;148678.55711422846;( drop 4 );5885550.0;77457;75.9847399202138;[ 24.962306705045293 75.0376932949547 ];
7;10000;9982;87676;1665558.0;68947;0;8783.410138248848;166856.141053897;noop;1.269235E7;165132;76.86184385824673;[ 22.363018385875268 77.63698161412474 ];
8;10000;9979;5529610;5545087.0;1157;0;554124.6617897585;555675.6187994789;( drop 4 );5.529665E8;5529665;100.0;[ 0.005542886388009281 99.99445711361199 ];
