Game step;Thinking time(ms);Search time(ms);Iterations;Visited nodes;Added nodes;Memorized states;Iterations/second;Nodes/second;Chosen move;Move score sum;Move visits;Avg move score;Avg search score [ white red ];
0;4989;4986;24900;509995.0;23911;0;4993.983152827918;102285.39911752909;null;-1;-1;-1;[ 60.48995983935743 39.51004016064257 ];
1;14989;14985;82193;1725875.0;76717;0;5485.018351685018;115173.5068401735;( drop 4 );4813850.0;74468;64.64320244937423;[ 63.776112321000575 36.223887678999425 ];
2;10000;9994;61511;1314763.0;56311;0;6154.792875725435;131555.23313988393;noop;8761200.0;135978;64.43101089882187;[ 64.17470046008032 35.82529953991969 ];
3;10000;9990;70953;1416297.0;63225;0;7102.402402402402;141771.47147147148;( drop 4 );4610150.0;68315;67.48371514308717;[ 66.25724070863811 33.742759291361885 ];
4;10000;9986;78085;1559352.0;65550;0;7819.447226116563;156153.81534147807;noop;1.00394E7;146399;68.57560502462448;[ 69.53128001536787 30.46871998463213 ];
5;10000;9982;95871;1617755.0;69090;0;9604.38789821679;162067.22099779604;( drop 4 );7642950.0;92315;82.79207062774196;[ 82.12963252704155 17.870367472958456 ];
6;10000;9986;92950;1794452.0;67700;0;9308.031243741238;179696.77548567994;noop;1.509885E7;185264;81.49910398134554;[ 80.21516944593867 19.784830554061323 ];
7;10000;9977;5061515;5081332.0;1378;0;507318.33216397715;509304.60058133706;( drop 4 );5.06146E8;5061460;100.0;[ 99.99343082061398 0.0065691793860138716 ];
