Game step;Thinking time(ms);Search time(ms);Iterations;Visited nodes;Added nodes;Memorized states;Iterations/second;Nodes/second;Chosen move;Move score sum;Move visits;Avg move score;Avg search score [ white red ];
0;4990;4987;86889;1507577.0;84424;0;17423.10006015641;302301.3835973531;null;-1;-1;-1;[ 36.80557953250699 63.19442046749301 ];
1;14990;14987;241882;4755858.0;227756;0;16139.454193634483;317332.221258424;noop;1.50594E7;241882;62.25928345226185;[ 37.74071654773815 62.25928345226185 ];
2;10000;9984;172254;3228937.0;161921;0;17253.00480769231;323411.1578525641;( drop 4 );1.1626E7;180445;64.42960458865582;[ 36.17506705214393 63.82493294785607 ];
3;10000;9969;159657;3239459.0;139526;0;16015.34757749022;324953.25509078143;noop;2.190155E7;340101;64.39719377479042;[ 35.63984040787438 64.36015959212563 ];
4;10000;9959;180027;3243313.0;161067;0;18076.814941259163;325666.5327844161;( drop 4 );5014600.0;78842;63.603155678445496;[ 38.7403000661012 61.2596999338988 ];
5;10000;9961;154535;3404287.0;114209;0;15514.00461801024;341761.57012348156;noop;1.499595E7;233376;64.25660736322502;[ 35.409777720257544 64.59022227974245 ];
6;10000;9963;182500;3032644.0;123861;0;18317.775770350298;304390.64538793534;( drop 4 );1.54326E7;197274;78.22926488031874;[ 24.201095890410958 75.79890410958905 ];
7;10000;9966;191141;3345701.0;100705;0;19179.309652819586;335711.51916516153;noop;3.03755E7;388414;78.20392673796516;[ 21.822110379248826 78.17788962075117 ];
8;10000;9973;2547710;2552727.0;393;0;255460.74400882382;255963.80226611852;( drop 4 );2.552425E8;2552425;100.0;[ 0.006319400559718335 99.99368059944028 ];
