Game step;Thinking time(ms);Search time(ms);Iterations;Visited nodes;Added nodes;Memorized states;Iterations/second;Nodes/second;Chosen move;Move score sum;Move visits;Avg move score;Avg search score [ white red ];
0;4987;4982;22057;443563.0;20945;0;4427.3384183059015;89033.11922922521;null;-1;-1;-1;[ 62.11406809629596 37.88593190370404 ];
1;14987;14982;80270;1656278.0;73835;0;5357.762648511547;110551.19476705379;( drop 4 );4670500.0;73994;63.1199827013001;[ 62.307836053320045 37.692163946679955 ];
2;10000;9993;64654;1372352.0;58423;0;6469.928950265185;137331.33193235265;noop;8774600.0;138647;63.28734123349225;[ 63.47944442725895 36.52055557274105 ];
3;10000;9983;70062;1317865.0;61629;0;7018.130822398077;132010.91856155463;( drop 4 );4195250.0;62924;66.67169919267688;[ 65.33712997059747 34.66287002940253 ];
4;10000;9985;70631;1350659.0;63082;0;7073.7105658487735;135268.80320480722;noop;9316050.0;133554;69.75493058987377;[ 72.5021591086067 27.4978408913933 ];
5;10000;9982;77089;1484277.0;64742;0;7722.801041875376;148695.3516329393;( drop 4 );5659500.0;74212;76.26125154961461;[ 75.17285215789542 24.82714784210458 ];
6;10000;9981;76125;1446001.0;65110;0;7626.991283438533;144875.36319006112;noop;1.177335E7;150336;78.31357758620689;[ 80.31461412151067 19.685385878489328 ];
7;10000;9980;5220181;5233402.0;939;0;523064.22845691384;524388.9779559118;( drop 4 );5.220246E8;5220246;100.0;[ 99.99479903091483 0.0052009690851715674 ];
