Game step;Thinking time(ms);Search time(ms);Iterations;Visited nodes;Added nodes;Memorized states;Iterations/second;Nodes/second;Chosen move;Move score sum;Move visits;Avg move score;Avg search score [ white red ];
0;4990;4988;27615;549716.0;25828;0;5536.287089013633;110207.69847634323;null;-1;-1;-1;[ 60.809342748506246 39.190657251493754 ];
1;14990;14988;85986;1816773.0;79652;0;5736.9895916733385;121215.17213771016;( drop 4 );5062850.0;79500;63.683647798742136;[ 62.91547461214616 37.08452538785384 ];
2;10000;9994;69916;1425926.0;59839;0;6995.797478487092;142678.20692415448;noop;9335150.0;149415;62.47799752367567;[ 61.10761485210824 38.89238514789176 ];
3;10000;9982;72236;1357518.0;63507;0;7236.625926668003;135996.59386896415;( drop 4 );4387850.0;65003;67.50226912604033;[ 66.11800210421397 33.881997895786036 ];
4;10000;9985;78566;1565941.0;65561;0;7868.402603905859;156829.34401602403;noop;9670200.0;143568;67.35623537278502;[ 67.23582720260673 32.76417279739327 ];
5;9999;9982;81663;1402761.0;66478;0;8181.025846523743;140529.05229412942;( drop 4 );5193500.0;68221;76.12758534762024;[ 75.03214430035634 24.967855699643657 ];
6;10000;9981;88290;1534171.0;69085;0;8845.80703336339;153709.14738002204;noop;1.195785E7;156510;76.40310523289247;[ 76.61626458262543 23.38373541737456 ];
7;10000;9981;5215672;5226102.0;710;0;522560.0641218315;523605.049594229;( drop 4 );5.216361E8;5216361;100.0;[ 99.99535055118497 0.004649448815032847 ];
