Game step;Thinking time(ms);Search time(ms);Iterations;Visited nodes;Added nodes;Memorized states;Iterations/second;Nodes/second;Chosen move;Move score sum;Move visits;Avg move score;Avg search score [ white red ];
0;4990;4988;91696;1536037.0;87651;0;18383.319967923017;307946.471531676;null;-1;-1;-1;[ 69.89890507764788 30.10109492235212 ];
1;14990;14987;267530;4869063.0;251813;0;17850.80403015947;324885.76766530995;( drop 4 );1.828E7;246022;74.30229816845647;[ 73.6558516801854 26.3441483198146 ];
2;10000;9984;167203;3317387.0;153364;0;16747.0953525641;332270.3325320513;noop;3.14251E7;413224;76.04858381894566;[ 78.6182066111254 21.381793388874602 ];
3;10000;9971;194165;3218682.0;159306;0;19472.971617691306;322804.3325644369;( drop 5 );1.31366E7;176753;74.3217936894989;[ 73.74243555738676 26.25756444261324 ];
4;10000;9957;184020;3214817.0;152287;0;18481.47032238626;322870.0411770614;noop;2.565215E7;360772;71.10349472797223;[ 68.01244429953266 31.98755570046734 ];
5;10000;9957;1018205;3153065.0;9199;0;102260.21894144823;316668.1731445214;( drop 3 );1.016077E8;1018103;99.80100245260057;[ 99.77980858471525 0.2201914152847413 ];
6;10000;9973;1311467;2640326.0;1308;0;131501.75473779204;264747.4180286774;noop;2.3271595E8;2329578;99.8961829138153;[ 99.97030043455153 0.029699565448463437 ];
7;10000;9978;2322479;2328557.0;457;0;232759.97193826418;233369.1120465023;( drop 6 );1.311859E8;1311859;100.0;[ 99.99423030305118 0.005769696948820635 ];
