Game step;Thinking time(ms);Search time(ms);Iterations;Visited nodes;Added nodes;Memorized states;Iterations/second;Nodes/second;Chosen move;Move score sum;Move visits;Avg move score;Avg search score [ white red ];
0;4987;4984;26809;548572.0;25580;0;5379.012841091493;110066.61316211878;null;-1;-1;-1;[ 60.623298146144954 39.376701853855046 ];
1;14987;14983;88870;1877256.0;81412;0;5931.388907428419;125292.3980511246;( drop 4 );5431100.0;83676;64.90630527271858;[ 64.20445594688871 35.795544053111286 ];
2;10000;9994;68279;1508034.0;59943;0;6831.9991995197115;150893.9363618171;noop;9821100.0;151954;64.63205970227833;[ 64.29648940376983 35.703510596230174 ];
3;10000;9982;67595;1270827.0;61154;0;6771.68904027249;127311.86135043077;( drop 4 );3995900.0;59696;66.93748324845886;[ 65.17198017604852 34.82801982395148 ];
4;10000;9981;79671;1448630.0;67008;0;7982.266305981365;145138.76365093677;noop;9461650.0;139366;67.8906619979048;[ 68.60526414881198 31.39473585118801 ];
5;10000;9981;75650;1409585.0;63476;0;7579.40086163711;141226.83097885983;( drop 4 );5536600.0;72357;76.51782135798886;[ 75.41639127561137 24.583608724388633 ];
6;10000;9986;93890;1749036.0;68636;0;9402.163028239534;175148.80833166433;noop;1.26472E7;166246;76.07521383973148;[ 75.73437000745554 24.26562999254447 ];
7;10000;9982;5105239;5117177.0;819;0;511444.50010018033;512640.45281506714;( drop 4 );5.105358E8;5105358;100.0;[ 99.99481904764889 0.005180952351104424 ];
