Game step;Thinking time(ms);Search time(ms);Iterations;Visited nodes;Added nodes;Memorized states;Iterations/second;Nodes/second;Chosen move;Move score sum;Move visits;Avg move score;Avg search score [ white red ];
0;4987;4984;86512;1525302.0;85096;0;17357.945425361155;306039.72712680575;null;-1;-1;-1;[ 42.00226558165341 57.99773441834659 ];
1;14987;14983;249928;4790397.0;231472;0;16680.771541079892;319722.1517720083;noop;1.491075E7;249928;59.660182132454146;[ 40.339817867545854 59.660182132454146 ];
2;10000;9985;172765;3329942.0;146628;0;17302.453680520783;333494.44166249374;( drop 5 );9401250.0;152588;61.61198783652712;[ 39.66515208520244 60.33484791479756 ];
3;10000;9970;165958;3248938.0;126390;0;16645.737211634903;325871.4142427282;noop;1.987155E7;318545;62.382237988353296;[ 36.90933850733318 63.09066149266682 ];
4;10000;9953;184638;3194126.0;147814;0;18550.9896513614;320920.92836330755;( drop 2 );1.021805E7;141624;72.14914138846524;[ 28.181631083525602 71.8183689164744 ];
5;10000;9967;159260;3242588.0;125880;0;15978.729808367612;325332.39690980234;noop;2.02659E7;300888;67.35363324559304;[ 36.91039809117167 63.08960190882833 ];
6;10000;9966;195662;3164269.0;151656;0;19632.952036925548;317506.4218342364;( drop 4 );3503200.0;50244;69.72374810922697;[ 31.024675205200804 68.97532479479919 ];
7;10000;9969;177843;3203979.0;134842;0;17839.602768582605;321394.22208847426;noop;1.5185E7;228145;66.55854829165662;[ 34.34040136524912 65.65959863475088 ];
8;10000;9963;2501865;2513625.0;1081;0;251115.6278229449;252295.99518217405;( drop 3 );2.501582E8;2501582;100.0;[ 0.011991054673213783 99.98800894532678 ];
