Game step;Thinking time(ms);Search time(ms);Iterations;Visited nodes;Added nodes;Memorized states;Iterations/second;Nodes/second;Chosen move;Move score sum;Move visits;Avg move score;Avg search score [ white black ];
0;4991;4990;17566;352805.0;17566;0;3520.240480961924;70702.40480961924;null;-1;-1;-1;[ 48.14414209267904 51.85585790732096 ];
1;14991;14989;76264;1241661.0;76264;0;5087.997865101074;82838.1479751818;( move 3 2 2 3 );3782500.0;68102;55.5416874687968;[ 53.1063149061156 46.8936850938844 ];
2;10000;9993;56970;895607.0;56969;0;5700.99069348544;89623.43640548384;noop;6984000.0;125071;55.84028271941537;[ 56.19624363700193 43.80375636299807 ];
