Game step;Thinking time(ms);Search time(ms);Iterations;Visited nodes;Added nodes;Memorized states;Iterations/second;Nodes/second;Chosen move;Move score sum;Move visits;Avg move score;Avg search score [ white red ];
0;4990;4988;27694;551035.0;25589;0;5552.125100240577;110472.13311948677;null;-1;-1;-1;[ 61.70289593413736 38.29710406586264 ];
1;14990;14988;90396;1856881.0;82246;0;6031.224979983987;123891.17961035496;( drop 4 );5017350.0;82251;61.000474158368895;[ 60.31627505641843 39.68372494358157 ];
2;10000;9993;63318;1329021.0;57812;0;6336.235364755329;132995.19663764635;noop;8580550.0;145568;58.9453039129479;[ 56.274677027069714 43.725322972930286 ];
3;10000;9981;73305;1440632.0;61614;0;7344.454463480613;144337.4411381625;( drop 3 );5445500.0;89352;60.944354910914136;[ 61.3532501193643 38.6467498806357 ];
4;10000;9985;81736;1670563.0;64806;0;8185.878818227341;167307.260891337;noop;1.069285E7;171087;62.4994885642977;[ 64.19998531858667 35.80001468141333 ];
5;10000;9981;84060;1475541.0;67756;0;8422.00180342651;147834.98647430117;( drop 6 );3548200.0;64455;55.04925917306648;[ 53.355341422793245 46.644658577206755 ];
6;10000;9981;99138;1861743.0;71584;0;9932.672076946197;186528.7045386234;noop;8792100.0;163612;53.73750091680317;[ 52.88184147350158 47.11815852649842 ];
7;9999;9978;5143300;5147876.0;323;0;515464.0208458609;515922.6297855282;( drop 5 );5.144205E8;5144205;100.0;[ 99.99698637061809 0.003013629381914335 ];
