Game step;Thinking time(ms);Search time(ms);Iterations;Visited nodes;Added nodes;Memorized states;Iterations/second;Nodes/second;Chosen move;Move score sum;Move visits;Avg move score;Avg search score [ white red ];
0;4989;4987;27885;555145.0;25896;0;5591.537998796872;111318.42791257269;null;-1;-1;-1;[ 62.55155101308947 37.44844898691053 ];
1;14989;14987;89260;1864803.0;81277;0;5955.828384599987;124428.03763261493;( drop 4 );5558500.0;84639;65.6730348893536;[ 65.04929419672865 34.95070580327134 ];
2;10001;9992;64965;1394665.0;57924;0;6501.701361088871;139578.162530024;noop;9800000.0;149603;65.50670775318677;[ 65.28900177018394 34.710998229816056 ];
3;10000;9984;75827;1312284.0;60772;0;7594.851762820513;131438.70192307694;( drop 5 );4891650.0;67616;72.34456341694273;[ 71.48838804119904 28.511611958800955 ];
4;10000;9986;95162;1612152.0;63901;0;9529.541357901062;161441.21770478672;noop;1.230645E7;162806;75.58965885778166;[ 77.8966394148925 22.103360585107502 ];
5;10000;9983;929939;2985093.0;14704;0;93152.25884002805;299017.6299709506;( drop 6 );9.26956E7;929071;99.77235324318593;[ 99.60164053771268 0.39835946228731134 ];
6;10000;9989;961189;1973487.0;3362;0;96224.74722194414;197566.02262488738;noop;1.8874515E8;1890296;99.84952092159112;[ 99.92441652994364 0.07558347005635728 ];
7;10000;9986;3887367;3924410.0;2328;0;389281.69437212095;392991.18766272784;( drop 3 );2.069517E8;2069517;100.0;[ 99.98847548996531 0.011524510034684144 ];
