Game step;Thinking time(ms);Search time(ms);Iterations;Visited nodes;Added nodes;Memorized states;Iterations/second;Nodes/second;Chosen move;Move score sum;Move visits;Avg move score;Avg search score [ white black ];
0;4988;4986;15319;352789.0;15319;0;3072.4027276373845;70755.91656638589;null;-1;-1;-1;[ 55.23206475618513 44.76793524381487 ];
1;14988;14985;73744;1217123.0;73744;0;4921.187854521188;81222.75608942275;( move 4 2 4 3 );2281600.0;36160;63.097345132743364;[ 55.60181167281406 44.39818832718594 ];
2;10000;9992;60914;921397.0;60869;0;6096.277021617294;92213.4707766213;noop;5168700.0;97073;53.245495657906936;[ 47.39632925107529 52.60367074892471 ];
