Game step;Thinking time(ms);Search time(ms);Iterations;Visited nodes;Added nodes;Memorized states;Iterations/second;Nodes/second;Chosen move;Move score sum;Move visits;Avg move score;Avg search score [ white black ];
0;4990;4989;16118;350446.0;16118;0;3230.707556624574;70243.7362196833;null;-1;-1;-1;[ 66.63357736691897 33.36642263308103 ];
1;14990;14989;71920;1226600.0;71920;0;4798.185335913003;81833.34445259857;( move 1 2 2 3 );3567800.0;63289;56.37314541231493;[ 55.09733036707453 44.90266963292547 ];
2;10000;9993;58434;939643.0;58385;0;5847.49324527169;94030.12108475933;noop;6837100.0;121722;56.16979674997125;[ 55.94859157339905 44.05140842660095 ];
