Game step;Thinking time(ms);Search time(ms);Iterations;Visited nodes;Added nodes;Memorized states;Iterations/second;Nodes/second;Chosen move;Move score sum;Move visits;Avg move score;Avg search score [ white red ];
0;4989;4987;86161;1557613.0;83406;0;17277.12051333467;312334.67014237016;null;-1;-1;-1;[ 38.70196492612667 61.29803507387333 ];
1;14989;14986;243708;4902912.0;229730;0;16262.378219671693;327166.15507807286;noop;1.510645E7;243708;61.9858601276938;[ 38.0141398723062 61.9858601276938 ];
2;10000;9985;162363;3317776.0;148856;0;16260.691036554832;332276.01402103156;( drop 4 );1.105165E7;165554;66.75556011935683;[ 33.345959362662676 66.65404063733732 ];
3;10000;9968;161637;3242062.0;140901;0;16215.58988764045;325246.9903691814;noop;2.216055E7;327190;67.72991228338275;[ 31.27192412628297 68.72807587371703 ];
4;10000;9956;186959;3135357.0;160054;0;18778.525512253917;314921.3539574126;( drop 2 );1.04446E7;149571;69.83038155792232;[ 31.534988954797576 68.46501104520243 ];
5;10000;9963;180678;3135091.0;141454;0;18134.899126769047;314673.3915487303;noop;2.24099E7;330268;67.85368246393838;[ 33.782198164690776 66.21780183530922 ];
6;10000;9957;1030484;3154730.0;6535;0;103493.42171336748;316835.3921864015;( drop 3 );1.029354E8;1031011;99.83928396496255;[ 0.17744089185276046 99.82255910814725 ];
7;10000;9970;1282329;2575095.0;891;0;128618.75626880642;258284.35305917752;noop;2.3114545E8;2313358;99.91771701569753;[ 0.018988886627378777 99.98101111337262 ];
8;10000;9980;2535917;2537455.0;116;0;254099.8997995992;254254.00801603205;( drop 5 );2.857968E8;2857968;100.0;[ 0.0020505402976516976 99.99794945970235 ];
