Game step;Thinking time(ms);Search time(ms);Iterations;Visited nodes;Added nodes;Memorized states;Iterations/second;Nodes/second;Chosen move;Move score sum;Move visits;Avg move score;Avg search score [ white red ];
0;4991;4988;26835;552321.0;26090;0;5379.911788291901;110729.95188452286;null;-1;-1;-1;[ 62.29737283398547 37.70262716601453 ];
1;14991;14988;90014;1885123.0;83820;0;6005.737923672271;125775.48705631171;( drop 4 );5294650.0;82822;63.92806259206491;[ 63.19239229453196 36.80760770546804 ];
2;10000;9994;67621;1491063.0;59207;0;6766.1596958174905;149195.8174904943;noop;9759800.0;150442;64.87417077677776;[ 66.0334807234439 33.9665192765561 ];
3;10000;9984;89801;1447619.0;63287;0;8994.491185897436;144993.89022435897;( drop 5 );6657800.0;86231;77.20889239368672;[ 76.68789879845436 23.31210120154564 ];
4;10000;9984;88464;1622284.0;63726;0;8860.576923076924;162488.3814102564;noop;1.310875E7;174723;75.02589813590654;[ 72.8980150117562 27.101984988243807 ];
5;10000;9982;1027513;3216095.0;10275;0;102936.58585453816;322189.4409937888;( drop 6 );1.024302E8;1026024;99.83216766859255;[ 99.72117141096999 0.2788285890300171 ];
6;10000;9989;1593070;3218751.0;2319;0;159482.43067374112;322229.55250775855;noop;2.6167905E8;2619095;99.91201159179029;[ 99.9633726076067 0.036627392393303496 ];
7;10000;9990;4163109;4173909.0;646;0;416727.62762762763;417808.7087087087;( drop 3 );2.262606E8;2262606;100.0;[ 99.99565228774937 0.0043477122506280766 ];
