Game step;Thinking time(ms);Search time(ms);Iterations;Visited nodes;Added nodes;Memorized states;Iterations/second;Nodes/second;Chosen move;Move score sum;Move visits;Avg move score;Avg search score [ white red ];
0;4990;4988;90310;1598518.0;86197;0;18105.453087409784;320472.7345629511;null;-1;-1;-1;[ 70.62340826043628 29.376591739563725 ];
1;14990;14987;262845;4942835.0;243241;0;17538.19977313672;329808.1670781344;( drop 2 );1.280445E7;179207;71.45061297828768;[ 70.82748387833134 29.172516121668664 ];
2;10000;9984;160818;3342414.0;140417;0;16107.572115384615;334777.04326923075;noop;2.44826E7;340024;72.00256452485706;[ 72.61718215622629 27.382817843773708 ];
3;10000;9969;193595;3275424.0;150832;0;19419.701073327316;328560.9389106229;( drop 4 );1.501785E7;195348;76.87741876036611;[ 76.56525220176141 23.43474779823859 ];
4;10000;9959;166261;3315873.0;127598;0;16694.54764534592;332952.4048599257;noop;2.689995E7;361688;74.37335493574572;[ 71.43166467181119 28.568335328188812 ];
5;10000;9962;1035450;3206229.0;9378;0;103939.97189319413;321845.914475005;( drop 3 );1.033159E8;1035295;99.79368199402103;[ 99.77468733400937 0.2253126659906321 ];
6;10000;9976;1298667;2615131.0;1449;0;130179.12991178829;262142.24137931035;noop;2.3314935E8;2333983;99.89333684092814;[ 99.97301078721489 0.026989212785109656 ];
7;10000;9981;2531911;2533002.0;77;0;253673.07884981466;253782.3865344154;( drop 1 );2.897772E8;2897772;100.0;[ 99.99887436801689 0.0011256319831147302 ];
