Game step;Thinking time(ms);Search time(ms);Iterations;Visited nodes;Added nodes;Memorized states;Iterations/second;Nodes/second;Chosen move;Move score sum;Move visits;Avg move score;Avg search score [ white red ];
0;4990;4988;27324;548379.0;25559;0;5477.94707297514;109939.6551724138;null;-1;-1;-1;[ 60.08820084907041 39.91179915092959 ];
1;14990;14987;86804;1792786.0;79131;0;5791.953025955829;119622.73970774672;( drop 4 );4971450.0;78091;63.66226581808403;[ 62.68029123081886 37.31970876918114 ];
2;10000;9992;68524;1474874.0;59293;0;6857.886309047238;147605.48438751002;noop;9500800.0;146614;64.80145143028633;[ 66.09873912789679 33.90126087210321 ];
3;10000;9985;70004;1316993.0;61721;0;7010.9163745618425;131897.14571857787;( drop 4 );4388000.0;64717;67.80289568428697;[ 66.68761785040854 33.31238214959145 ];
4;10000;9986;91110;1644013.0;71297;0;9123.773282595634;164631.7844982976;noop;1.068825E7;155826;68.59092834315197;[ 69.15102623202722 30.84897376797278 ];
5;10000;9983;99352;1695722.0;71126;0;9952.118601622758;169860.9636381849;( drop 4 );8567850.0;103329;82.91815463229103;[ 81.84535791931718 18.154642080682823 ];
6;10000;9985;114696;2025290.0;68493;0;11486.830245368052;202833.24987481223;noop;1.812225E7;218024;83.12043628224416;[ 83.30281788379718 16.697182116202832 ];
7;10000;9981;5045880;5070025.0;1725;0;505548.54223023745;507967.638513175;( drop 4 );5.045012E8;5045012;100.0;[ 99.99239973998588 0.007600260014110522 ];
