Game step;Thinking time(ms);Search time(ms);Iterations;Visited nodes;Added nodes;Memorized states;Iterations/second;Nodes/second;Chosen move;Move score sum;Move visits;Avg move score;Avg search score [ white red ];
0;4990;4988;91026;1534091.0;89051;0;18248.997594226144;307556.33520449075;null;-1;-1;-1;[ 66.37499176059588 33.625008239404124 ];
1;14990;14988;250389;4834831.0;235898;0;16705.964771817453;322580.1307712837;( drop 5 );1.000855E7;150516;66.49492412766749;[ 65.79582170143257 34.20417829856743 ];
2;10000;9984;162478;3300201.0;145326;0;16273.83814102564;330548.9783653846;noop;2.11717E7;312993;67.64272683414644;[ 68.70622484274794 31.29377515725206 ];
3;10000;9971;194421;3314514.0;135090;0;19498.64607361348;332415.4046735533;( drop 4 );1.48744E7;192557;77.24673732972575;[ 77.02871603376178 22.971283966238214 ];
4;10000;9960;162198;3442539.0;108762;0;16284.939759036144;345636.4457831325;noop;2.73238E7;354775;77.0172644633923;[ 76.74323974401658 23.256760255983426 ];
5;10000;9964;1051884;3229577.0;7005;0;105568.44640706544;324124.5483741469;( drop 6 );1.05219E8;1053729;99.8539472672765;[ 99.84770183784524 0.1522981621547623 ];
6;10000;9979;1287614;2584873.0;884;0;129032.36797274277;259031.26565788154;noop;2.339608E8;2341361;99.92512901684105;[ 99.98376842749458 0.01623157250542476 ];
7;10000;9985;2579222;2583332.0;287;0;258309.66449674513;258721.28192288431;( drop 3 );2.899724E8;2899724;100.0;[ 99.99643303290682 0.0035669670931777102 ];
