Game step;Thinking time(ms);Search time(ms);Iterations;Visited nodes;Added nodes;Memorized states;Iterations/second;Nodes/second;Chosen move;Move score sum;Move visits;Avg move score;Avg search score [ white black ];
0;4990;4988;15405;342544.0;15405;0;3088.4121892542103;68673.61668003208;null;-1;-1;-1;[ 53.15157416423239 46.84842583576761 ];
1;14990;14987;70853;1190174.0;70853;0;4727.630613198105;79413.75859077867;( move 4 2 5 3 );3830400.0;62364;61.4200500288628;[ 59.11676287524875 40.88323712475125 ];
