Game step;Thinking time(ms);Search time(ms);Iterations;Visited nodes;Added nodes;Memorized states;Iterations/second;Nodes/second;Chosen move;Move score sum;Move visits;Avg move score;Avg search score [ white red ];
0;4989;4986;28101;592545.0;27658;0;5635.98074608905;118841.75691937425;null;-1;-1;-1;[ 56.072737624995554 43.927262375004446 ];
1;14989;14986;87258;1906156.0;85494;0;5822.63445882824;127195.78273054851;noop;4257150.0;87258;48.78807673794953;[ 51.21192326205047 48.78807673794953 ];
2;10000;9994;67343;1401189.0;61468;0;6738.343005803482;140203.02181308786;( drop 4 );3469850.0;66908;51.86001673940336;[ 48.95609046226037 51.04390953773963 ];
3;10000;9983;66075;1515475.0;59350;0;6618.751878192928;151805.56946809575;noop;6933500.0;132982;52.13863530402611;[ 47.5785092697692 52.4214907302308 ];
4;10000;9980;72559;1468895.0;63515;0;7270.440881763527;147183.86773547094;( drop 4 );4198550.0;73043;57.48052517010528;[ 43.36815556994997 56.63184443005003 ];
5;10000;9980;77410;1589832.0;66025;0;7756.513026052105;159301.80360721442;noop;8736850.0;150452;58.070680349879034;[ 41.371915773155926 58.628084226844074 ];
6;10000;9976;97183;1660798.0;71453;0;9741.680032076985;166479.35044105854;( drop 4 );7690800.0;97062;79.23595227792545;[ 21.56447115236204 78.43552884763797 ];
7;10000;9983;122445;2084060.0;74153;0;12265.35109686467;208760.89351898228;noop;1.75696E7;219506;80.04154783923902;[ 19.320511249948957 80.67948875005105 ];
8;10000;9979;5602722;5609593.0;591;0;561451.247620002;562139.7935664896;( drop 4 );5.60699E8;5606990;100.0;[ 0.0035429207445952164 99.9964570792554 ];
