Game step;Thinking time(ms);Search time(ms);Iterations;Visited nodes;Added nodes;Memorized states;Iterations/second;Nodes/second;Chosen move;Move score sum;Move visits;Avg move score;Avg search score [ white red ];
0;4989;4986;29357;579343.0;26863;0;5887.886081026875;116193.94304051343;null;-1;-1;-1;[ 61.26477501107061 38.73522498892939 ];
1;14989;14985;91060;1887000.0;83249;0;6076.743410076743;125925.92592592593;( drop 4 );5408200.0;84050;64.34503271861986;[ 63.55754447616956 36.44245552383044 ];
2;10000;9994;65732;1393846.0;58395;0;6577.1462877726635;139468.28096858115;noop;9755000.0;149781;65.12842082774183;[ 66.12913040832471 33.87086959167529 ];
3;10001;9983;69634;1331855.0;61437;0;6975.257938495442;133412.30091154962;( drop 4 );4311350.0;66272;65.05537783679382;[ 63.53361863457506 36.46638136542494 ];
4;10000;9984;70140;1341383.0;62019;0;7025.240384615385;134353.26522435897;noop;9243700.0;136411;67.76359677738598;[ 70.3229255774166 29.677074422583406 ];
5;10000;9982;75723;1466364.0;62898;0;7585.954718493288;146900.8214786616;( drop 4 );5613250.0;75458;74.3890641151369;[ 73.3423134318503 26.657686568149703 ];
6;10000;9985;83327;1611632.0;65528;0;8345.21782674011;161405.30796194292;noop;1.16461E7;158784;73.34555118903668;[ 72.40090246858762 27.599097531412387 ];
7;10000;9983;5143584;5160109.0;1180;0;515234.2983071221;516889.6123409797;( drop 4 );5.145041E8;5145041;100.0;[ 99.99439107050648 0.005608929493520471 ];
