Game step;Thinking time(ms);Search time(ms);Iterations;Visited nodes;Added nodes;Memorized states;Iterations/second;Nodes/second;Chosen move;Move score sum;Move visits;Avg move score;Avg search score [ white red ];
0;4991;4990;36101;670226.0;34418;0;7234.669338677355;134313.82765531063;null;-1;-1;-1;[ 50.29362067532755 49.70637932467245 ];
1;14991;14990;107139;2186451.0;101920;0;7147.36490993996;145860.64042695132;( drop 6 );2601250.0;49380;52.67820980153908;[ 51.678193748308274 48.321806251691726 ];
