Game step;Thinking time(ms);Search time(ms);Iterations;Visited nodes;Added nodes;Memorized states;Iterations/second;Nodes/second;Chosen move;Move score sum;Move visits;Avg move score;Avg search score [ white black ];
0;4990;4988;16245;353807.0;16245;0;3256.8163592622295;70931.63592622294;null;-1;-1;-1;[ 63.42259156663589 36.57740843336411 ];
1;14990;14988;65301;1143844.0;65301;0;4356.885508406725;76317.32052308513;( move 3 2 2 3 );2139400.0;33818;63.26216807617245;[ 56.728074608352095 43.271925391647905 ];
