Game step;Thinking time(ms);Search time(ms);Iterations;Visited nodes;Added nodes;Memorized states;Iterations/second;Nodes/second;Chosen move;Move score sum;Move visits;Avg move score;Avg search score [ white red ];
0;4989;4987;27166;584489.0;26999;0;5447.363144174855;117202.52656907961;null;-1;-1;-1;[ 57.92534786129721 42.07465213870279 ];
1;14989;14987;87575;1941572.0;86051;0;5843.397611263094;129550.41035564155;noop;3877850.0;87575;44.28033114473308;[ 55.71966885526692 44.28033114473308 ];
2;10000;9994;62160;1313886.0;58995;0;6219.731839103462;131467.480488293;( drop 4 );2919100.0;56063;52.068208979184135;[ 48.89720077220077 51.10279922779923 ];
3;10000;9984;59034;1374042.0;56518;0;5912.860576923077;137624.39903846153;noop;5765050.0;115096;50.089056092305555;[ 51.79134058339262 48.20865941660738 ];
4;10000;9981;85389;1687771.0;67170;0;8555.154794108807;169098.38693517682;( drop 4 );5331850.0;81427;65.4801233006251;[ 35.5168698544309 64.4831301455691 ];
5;10000;9983;90710;2102908.0;64105;0;9086.446959831714;210648.90313533007;noop;1.137355E7;172136;66.07304689315426;[ 33.39543600485062 66.60456399514938 ];
6;10000;9984;103011;1698666.0;74848;0;10317.608173076924;170138.82211538462;( drop 4 );8100200.0;100803;80.3567354146206;[ 20.295405345060235 79.70459465493977 ];
7;10000;9985;122065;2091030.0;74526;0;12224.837255883825;209417.1256885328;noop;1.79728E7;222867;80.64361255816249;[ 19.119321672879202 80.88067832712079 ];
8;10000;9983;5436121;5445602.0;681;0;544537.8142842833;545487.5287989583;( drop 4 );5.436161E8;5436161;100.0;[ 0.004442505970709629 99.99555749402928 ];
