Game step;Thinking time(ms);Search time(ms);Iterations;Visited nodes;Added nodes;Memorized states;Iterations/second;Nodes/second;Chosen move;Move score sum;Move visits;Avg move score;Avg search score [ white black ];
0;4990;4988;14860;338438.0;14860;0;2979.149959903769;67850.4410585405;null;-1;-1;-1;[ 49.757738896366085 50.242261103633915 ];
1;14990;14988;67892;1170294.0;67892;0;4529.757139044569;78082.06565252201;( move 6 2 7 3 );3018400.0;56253;53.65758270670009;[ 52.174041124138334 47.825958875861666 ];
2;10000;9994;57198;898524.0;57097;0;5723.233940364218;89906.34380628377;noop;5833000.0;113450;51.41472014103129;[ 49.208014266233086 50.791985733766914 ];
3;10000;9985;56372;823724.0;56354;0;5645.668502754132;82496.1442163245;( move 7 3 7 4 );1417500.0;25215;56.21653777513385;[ 54.33193784148159 45.66806215851841 ];
4;10000;9982;57887;887713.0;57687;0;5799.138449208575;88931.37647765978;noop;4000900.0;83101;48.14502833900916;[ 44.62832760377978 55.37167239622022 ];
