Game step;Thinking time(ms);Search time(ms);Iterations;Visited nodes;Added nodes;Memorized states;Iterations/second;Nodes/second;Chosen move;Move score sum;Move visits;Avg move score;Avg search score [ white black ];
0;4990;4989;19166;352989.0;19166;0;3841.651633593907;70753.45760673481;null;-1;-1;-1;[ 60.247312950015655 39.752687049984345 ];
1;14990;14989;76428;1204592.0;76427;0;5098.939222096204;80365.0677163253;( move 1 2 2 3 );2930200.0;46423;63.11957434892187;[ 60.61652797404093 39.38347202595907 ];
