Game step;Thinking time(ms);Search time(ms);Iterations;Visited nodes;Added nodes;Memorized states;Iterations/second;Nodes/second;Chosen move;Move score sum;Move visits;Avg move score;Avg search score [ white black ];
0;4991;4989;15371;339912.0;15371;0;3080.9781519342555;68132.29104028863;null;-1;-1;-1;[ 40.335697091926356 59.664302908073644 ];
1;14991;14988;59304;1092471.0;59304;0;3956.765412329864;72889.71176941553;( move 7 2 6 3 );2126800.0;37321;56.986683100667186;[ 48.58188317820046 51.41811682179954 ];
2;10000;9995;50218;804707.0;50217;0;5024.312156078039;80510.95547773887;noop;4780300.0;87538;54.60828440220247;[ 52.83961926002628 47.16038073997372 ];
