Game step;Thinking time(ms);Search time(ms);Iterations;Visited nodes;Added nodes;Memorized states;Iterations/second;Nodes/second;Chosen move;Move score sum;Move visits;Avg move score;Avg search score [ white red ];
0;4990;4988;84278;1530969.0;81867;0;16896.150761828387;306930.4330392943;null;-1;-1;-1;[ 47.37535299841002 52.62464700158998 ];
1;14990;14987;243087;4822843.0;231863;0;16219.857209581638;321801.76152665645;noop;1.253185E7;243087;51.55294195082419;[ 48.44705804917581 51.55294195082419 ];
2;10000;9981;177571;3128546.0;162156;0;17790.9027151588;313450.1552950606;( drop 4 );1.1723E7;170076;68.92800865495425;[ 31.426584295859122 68.57341570414088 ];
3;10000;9967;169223;3108134.0;149355;0;16978.32848399719;311842.4801846092;noop;2.36694E7;339298;69.75991606198681;[ 29.403804447385994 70.596195552614 ];
4;10000;9955;187855;3153416.0;156808;0;18870.416875941737;316767.0517327976;( drop 3 );7657000.0;101941;75.11207463140444;[ 27.689441324425754 72.31055867557424 ];
5;10000;9962;186033;3174270.0;141997;0;18674.262196346117;318637.8237301747;noop;2.08231E7;287990;72.30494114378972;[ 29.23513570173034 70.76486429826966 ];
6;10000;9959;1017753;3106863.0;4858;0;102194.29661612611;311965.35796766746;( drop 2 );1.0177125E8;1019241;99.85003546756852;[ 0.1570616839252746 99.84293831607472 ];
7;10000;9973;1292210;2592844.0;692;0;129570.84127143287;259986.3631805876;noop;2.309708E8;2311453;99.92450636028506;[ 0.01675424273144458 99.98324575726855 ];
8;10000;9982;2505352;2506027.0;50;0;250986.97655780404;251054.5982768984;( drop 1 );2.865954E8;2865954;100.0;[ 0.0011575219769517416 99.99884247802305 ];
