Game step;Thinking time(ms);Search time(ms);Iterations;Visited nodes;Added nodes;Memorized states;Iterations/second;Nodes/second;Chosen move;Move score sum;Move visits;Avg move score;Avg search score [ white red ];
0;4989;4987;95244;1567831.0;89687;0;19098.45598556246;314383.5973531181;null;-1;-1;-1;[ 71.72157826214774 28.278421737852252 ];
1;14989;14987;271408;4947517.0;248429;0;18109.561620070726;330120.57116167346;( drop 4 );1.91451E7;259252;73.84745344298211;[ 73.43888168366445 26.561118316335556 ];
2;10000;9985;174871;3316068.0;150875;0;17513.370055082625;332104.95743615425;noop;3.27078E7;434122;75.34241526575478;[ 77.55831441462564 22.441685585374362 ];
3;10000;9969;194175;3373396.0;159842;0;19477.881432440565;338388.6046744909;( drop 5 );7501900.0;97276;77.1197417656976;[ 76.40916698854126 23.590833011458734 ];
4;10000;9961;185738;3012660.0;143888;0;18646.521433591006;302445.53759662685;noop;2.21622E7;283023;78.30529674266755;[ 78.92676781272546 21.07323218727455 ];
5;10000;9960;1064535;3315023.0;11034;0;106881.02409638555;332833.6345381526;( drop 6 );1.0619005E8;1063837;99.8179702341618;[ 99.79202186870323 0.20797813129676337 ];
6;10000;9974;1347698;2729187.0;2581;0;135121.1148987367;273630.1383597353;noop;2.409658E8;2412157;99.89639977828972;[ 99.96004297698742 0.03995702301257403 ];
7;10000;9981;2377065;2384597.0;550;0;238159.0021039976;238913.63590822564;( drop 3 );1.352389E8;1352389;100.0;[ 99.99394210928182 0.006057890718175565 ];
