Game step;Thinking time(ms);Search time(ms);Iterations;Visited nodes;Added nodes;Memorized states;Iterations/second;Nodes/second;Chosen move;Move score sum;Move visits;Avg move score;Avg search score [ white red ];
0;4990;4989;26091;520302.0;24427;0;5229.705351773902;104289.8376428142;null;-1;-1;-1;[ 60.46721091564141 39.53278908435859 ];
1;14990;14988;87087;1819239.0;79181;0;5810.448358686949;121379.7037630104;( drop 4 );5276200.0;81569;64.68388726109184;[ 63.978550185446736 36.021449814553264 ];
2;10000;9995;65843;1392147.0;58220;0;6587.593796898449;139284.34217108553;noop;9429500.0;147411;63.967410844509565;[ 63.080357820876934 36.919642179123066 ];
3;10000;9985;91729;1466357.0;65039;0;9186.680020030046;146855.98397596396;( drop 5 );6281900.0;80089;78.43648940553634;[ 77.39537114761961 22.604628852380383 ];
4;10000;9984;96403;1720526.0;63168;0;9655.74919871795;172328.3253205128;noop;1.389555E7;176514;78.72208436724566;[ 78.95967967801832 21.04032032198168 ];
5;10000;9982;1094648;3417277.0;10397;0;109662.19194550191;342343.91905429773;( drop 6 );1.088582E8;1090408;99.83253974659027;[ 99.7453519304836 0.2546480695164108 ];
6;10000;9989;1618035;3266646.0;2054;0;161981.67984783262;327024.32675943535;noop;2.7060545E8;2708443;99.9118128016724;[ 99.9652356098601 0.0347643901398919 ];
7;10000;9989;4312696;4337586.0;1502;0;431744.51897086797;434236.25988587446;( drop 7 );2.344328E8;2344328;100.0;[ 99.99285829559979 0.007141704400217405 ];
