Game step;Thinking time(ms);Search time(ms);Iterations;Visited nodes;Added nodes;Memorized states;Iterations/second;Nodes/second;Chosen move;Move score sum;Move visits;Avg move score;Avg search score [ white black ];
0;4990;4988;15142;348321.0;15142;0;3035.6856455493185;69831.79631114675;null;-1;-1;-1;[ 57.66081098930128 42.33918901069872 ];
1;14990;14987;65669;1155331.0;65669;0;4381.730833388937;77088.87702675653;( move 3 2 3 3 );2624700.0;45166;58.112296860470266;[ 55.306156634028234 44.693843365971766 ];
2;10000;9996;59770;913468.0;59755;0;5979.391756702681;91383.35334133654;noop;5689000.0;104935;54.21451374660504;[ 51.2698678266689 48.7301321733311 ];
