Game step;Thinking time(ms);Search time(ms);Iterations;Visited nodes;Added nodes;Memorized states;Iterations/second;Nodes/second;Chosen move;Move score sum;Move visits;Avg move score;Avg search score [ white black ];
0;4991;4989;16824;347563.0;16824;0;3372.2188815393865;69665.86490278612;null;-1;-1;-1;[ 48.103899191631 51.896100808369 ];
1;14991;14988;71734;1187093.0;71728;0;4786.095543101148;79202.89564985322;( move 6 2 7 3 );3570500.0;60410;59.10445290514816;[ 56.61889759388853 43.38110240611147 ];
