Game step;Thinking time(ms);Search time(ms);Iterations;Visited nodes;Added nodes;Memorized states;Iterations/second;Nodes/second;Chosen move;Move score sum;Move visits;Avg move score;Avg search score [ white red ];
0;4988;4986;27430;585254.0;27170;0;5501.403931006819;117379.46249498596;null;-1;-1;-1;[ 56.10280714546117 43.89719285453883 ];
1;14997;14994;87963;1937526.0;85880;0;5866.546618647459;129220.08803521408;noop;3869650.0;87963;43.991792003456;[ 56.008207996544 43.991792003456 ];
2;10000;9994;64692;1352693.0;59979;0;6473.083850310186;135350.5103061837;( drop 4 );3494400.0;60090;58.1527708437344;[ 42.706207877326406 57.293792122673594 ];
3;10000;9985;67933;1461034.0;61812;0;6803.50525788683;146322.88432648973;noop;7566400.0;128022;59.1023417850057;[ 40.05711509870019 59.94288490129981 ];
4;10000;9983;77638;1494746.0;68628;0;7777.0209355905035;149729.13953721325;( drop 4 );4434600.0;70795;62.640016950349604;[ 38.54684561683712 61.45315438316288 ];
5;9999;9985;92707;1910172.0;71407;0;9284.626940410615;191304.15623435154;noop;1.030965E7;163501;63.05557764172696;[ 36.62668406916414 63.37331593083586 ];
6;10000;9981;74382;1459518.0;65125;0;7452.3594830177335;146229.63630898707;( drop 4 );5059950.0;71707;70.56424059017948;[ 30.48923126562878 69.51076873437123 ];
7;10000;9984;80718;1650001.0;67755;0;8084.735576923077;165264.5232371795;noop;1.10061E7;152424;72.20713273500236;[ 26.333036001883098 73.6669639981169 ];
8;10000;9980;5412610;5420501.0;556;0;542345.6913827655;543136.372745491;( drop 4 );5.414181E8;5414181;100.0;[ 0.0037966895822902445 99.99620331041771 ];
