Game step;Thinking time(ms);Search time(ms);Iterations;Visited nodes;Added nodes;Memorized states;Iterations/second;Nodes/second;Chosen move;Move score sum;Move visits;Avg move score;Avg search score [ white red ];
0;4989;4987;27379;578538.0;27137;0;5490.074192901544;116009.22398235412;null;-1;-1;-1;[ 55.85850469337814 44.14149530662186 ];
1;14989;14987;89923;1974878.0;87628;0;6000.066724494562;131772.73637152198;noop;4084950.0;89923;45.427198825661954;[ 54.572801174338046 45.427198825661954 ];
2;10000;9991;60291;1335679.0;57143;0;6034.531077970173;133688.21939745772;( drop 4 );2919500.0;55522;52.58275998703217;[ 48.295765537144845 51.704234462855155 ];
3;10000;9984;56593;1344258.0;54192;0;5668.369391025641;134641.22596153847;noop;5596950.0;112114;49.9219544392315;[ 52.68761154206351 47.31238845793649 ];
4;10000;9983;74261;1479257.0;66080;0;7438.745867975558;148177.60192326957;( drop 4 );4717300.0;74439;63.371351039105846;[ 37.60789647324975 62.39210352675025 ];
5;10000;9986;84727;1690285.0;67027;0;8484.578409773683;169265.47166032446;noop;1.053215E7;159165;66.17126880909748;[ 31.36839496264473 68.63160503735527 ];
6;10000;9980;78146;1477105.0;66182;0;7830.260521042084;148006.5130260521;( drop 4 );5596650.0;73779;75.85695116496564;[ 25.08765643794948 74.91234356205052 ];
7;10000;9984;88751;1618822.0;70091;0;8889.322916666666;162141.6266025641;noop;1.23967E7;162529;76.27377268056777;[ 23.37945487938164 76.62054512061836 ];
8;10000;9978;5389544;5407355.0;1327;0;540142.7139707357;541927.7410302666;( drop 4 );5.389411E8;5389411;100.0;[ 0.00617863032568247 99.99382136967432 ];
