Game step;Thinking time(ms);Search time(ms);Iterations;Visited nodes;Added nodes;Memorized states;Iterations/second;Nodes/second;Chosen move;Move score sum;Move visits;Avg move score;Avg search score [ white red ];
0;4990;4988;27563;587488.0;27215;0;5525.862068965517;117780.27265437049;null;-1;-1;-1;[ 55.95544752022639 44.04455247977361 ];
1;14990;14988;87930;1979431.0;86259;0;5866.693354683747;132067.72084334135;noop;3991250.0;87930;45.391220288866144;[ 54.608779711133856 45.391220288866144 ];
2;10000;9992;67735;1486647.0;59343;0;6778.923138510809;148783.72698158526;( drop 4 );3418650.0;61996;55.14307374669333;[ 45.734849044068795 54.265150955931205 ];
3;10000;9983;69508;1430831.0;61947;0;6962.636482019433;143326.75548432334;noop;7526450.0;131503;57.234055496832774;[ 40.900328019796284 59.099671980203716 ];
4;9999;9982;74846;1458271.0;66974;0;7498.0965738329;146090.06211180124;( drop 4 );4289150.0;70225;61.077251690993236;[ 40.12238462977314 59.87761537022686 ];
5;10000;9984;71004;1382270.0;64654;0;7111.778846153846;138448.51762820513;noop;9060350.0;141228;64.15406293369587;[ 32.80378570221396 67.19621429778604 ];
6;10000;9979;104016;1751095.0;74073;0;10423.489327587935;175478.0038079968;( drop 4 );8284050.0;105312;78.66197584320875;[ 22.149477003537918 77.85052299646209 ];
7;10000;9981;118581;2009280.0;74102;0;11880.673279230537;201310.48993086864;noop;1.78672E7;223892;79.80276204598646;[ 19.18393334513961 80.81606665486039 ];
8;10000;9980;5499395;5507942.0;632;0;551041.5831663327;551897.9959919839;( drop 4 );5.500004E8;5500004;100.0;[ 0.004155002504820985 99.99584499749518 ];
