Game step;Thinking time(ms);Search time(ms);Iterations;Visited nodes;Added nodes;Memorized states;Iterations/second;Nodes/second;Chosen move;Move score sum;Move visits;Avg move score;Avg search score [ white black ];
0;4990;4988;14900;339450.0;14900;0;2987.169206094627;68053.3279871692;null;-1;-1;-1;[ 51.46308724832215 48.53691275167785 ];
1;14990;14988;60324;1119558.0;60324;0;4024.819855884708;74696.95756605284;( move 2 2 1 3 );1548400.0;22803;67.9033460509582;[ 58.01670976725681 41.98329023274319 ];
