Game step;Thinking time(ms);Search time(ms);Iterations;Visited nodes;Added nodes;Memorized states;Iterations/second;Nodes/second;Chosen move;Move score sum;Move visits;Avg move score;Avg search score [ white red ];
0;4989;4986;93522;1583538.0;87725;0;18756.919374247893;317596.8712394705;null;-1;-1;-1;[ 68.38658283612412 31.61341716387588 ];
1;14989;14986;278441;4948036.0;254955;0;18580.074736420658;330177.2320832777;( drop 5 );4015250.0;58141;69.06055967389622;[ 68.45759065654842 31.542409343451574 ];
2;10000;9984;184202;3287329.0;161459;0;18449.71955128205;329259.7155448718;noop;1.6952E7;242342;69.95073078541895;[ 70.23186501775226 29.76813498224775 ];
3;10000;9969;200580;3187752.0;145319;0;20120.373156786038;319766.47607583506;( drop 4 );1.55579E7;194062;80.169739567767;[ 79.76069398743644 20.239306012563567 ];
4;10000;9957;194282;3222406.0;125192;0;19512.102038766698;323632.2185397208;noop;3.114165E7;388938;80.06841707418663;[ 79.96494785929731 20.03505214070269 ];
5;10000;9961;198027;3352124.0;121741;0;19880.232908342536;336524.8469029214;( drop 7 );3.12386E7;393948;79.29625229725751;[ 80.119630151444 19.880369848556004 ];
6;10000;9969;207618;3427464.0;110370;0;20826.361721336143;343812.2178754138;noop;4.763025E7;601818;79.1439438501341;[ 78.84504233736959 21.15495766263041 ];
7;10000;9968;2617679;2629914.0;1020;0;262608.246388443;263835.67415730335;( drop 6 );2.618106E8;2618106;100.0;[ 99.98911249240263 0.010887507597379205 ];
