Game step;Thinking time(ms);Search time(ms);Iterations;Visited nodes;Added nodes;Memorized states;Iterations/second;Nodes/second;Chosen move;Move score sum;Move visits;Avg move score;Avg search score [ white black ];
0;4990;4989;16059;346371.0;16059;0;3218.8815393866507;69426.93926638605;null;-1;-1;-1;[ 46.34784233140295 53.65215766859705 ];
1;14990;14988;67940;1163019.0;67940;0;4532.959701094209;77596.6773418735;( move 6 2 6 3 );3113600.0;57259;54.377477776419425;[ 52.63320576979688 47.36679423020312 ];
2;10000;9994;58367;836328.0;58354;0;5840.204122473484;83683.00980588353;noop;5643500.0;115625;48.80864864864865;[ 43.34469820275155 56.65530179724845 ];
