Game step;Thinking time(ms);Search time(ms);Iterations;Visited nodes;Added nodes;Memorized states;Iterations/second;Nodes/second;Chosen move;Move score sum;Move visits;Avg move score;Avg search score [ white red ];
0;4996;4994;28028;594915.0;27762;0;5612.334801762115;119125.95114136965;null;-1;-1;-1;[ 57.0447409733124 42.9552590266876 ];
1;14996;14994;87061;1906931.0;85498;0;5806.389222355609;127179.6051754035;noop;4177850.0;87061;47.98761787712064;[ 52.01238212287936 47.98761787712064 ];
2;10000;9994;61460;1322256.0;58614;0;6149.689813888333;132304.98298979388;( drop 4 );3079100.0;58893;52.28295383152497;[ 48.596648226488774 51.403351773511226 ];
3;10000;9984;76218;1529789.0;66453;0;7634.014423076923;153224.05849358975;noop;6962900.0;135110;51.53504551846643;[ 49.04222099766459 50.95777900233541 ];
4;10000;9982;77046;1387892.0;67637;0;7718.4932879182525;139039.47104788618;( drop 4 );4559950.0;68284;66.77918692519478;[ 34.2762765101368 65.7237234898632 ];
5;10000;9981;82578;1478234.0;67860;0;8273.519687406071;148104.79911832482;noop;1.01067E7;150861;66.99345755364209;[ 32.82896170892974 67.17103829107026 ];
6;10000;9974;97146;1670124.0;65929;0;9739.923801884901;167447.7641868859;( drop 4 );8447050.0;103078;81.94813636275443;[ 19.10886706606551 80.89113293393449 ];
7;10000;9984;95672;1746783.0;62708;0;9582.53205128205;174958.23317307694;noop;1.64683E7;198749;82.85978797377597;[ 16.157810017559996 83.84218998244 ];
8;10000;9977;4788847;4804890.0;1224;0;479988.6739500852;481596.6723463967;( drop 4 );4.7903E8;4790300;100.0;[ 0.006473374488681722 99.99352662551132 ];
