Game step;Thinking time(ms);Search time(ms);Iterations;Visited nodes;Added nodes;Memorized states;Iterations/second;Nodes/second;Chosen move;Move score sum;Move visits;Avg move score;Avg search score [ white red ];
0;4990;4987;88253;1493837.0;86774;0;17696.61118909164;299546.2201724484;null;-1;-1;-1;[ 37.505240615049914 62.494759384950086 ];
1;14990;14987;238223;4734041.0;229388;0;15895.309268032295;315876.49296056584;noop;1.454955E7;238223;61.075336974179656;[ 38.924663025820344 61.075336974179656 ];
2;10000;9985;163089;3212987.0;144228;0;16333.400100150226;321781.37205808714;( drop 4 );1.21559E7;180008;67.5297764543798;[ 33.2300155130021 66.7699844869979 ];
3;10000;9970;154946;3204932.0;135357;0;15541.223671013038;321457.57271815446;noop;2.20743E7;334953;65.90267888330601;[ 35.98802163334323 64.01197836665678 ];
4;10000;9960;180612;3232897.0;146883;0;18133.734939759037;324588.0522088353;( drop 3 );1.24482E7;175299;71.01124364656958;[ 29.344395721214536 70.65560427878546 ];
5;10000;9965;149603;2861896.0;113064;0;15012.844957350728;287194.7817360763;noop;2.30318E7;324918;70.88496174419392;[ 29.26345059925269 70.73654940074731 ];
6;10000;9963;1021603;3134642.0;6694;0;102539.69687845027;314628.32480176655;( drop 5 );1.025432E8;1027172;99.8306028591122;[ 0.1742359801214366 99.82576401987856 ];
7;10000;9977;1289298;2585979.0;598;0;129227.02215094717;259194.04630650496;noop;2.3145575E8;2316469;99.91748216790296;[ 0.013301812304060039 99.98669818769594 ];
8;10000;9984;2279372;2285611.0;499;0;228302.48397435897;228927.38381410256;( drop 2 );1.294918E8;1294918;100.0;[ 0.005308479704058837 99.99469152029594 ];
