Game step;Thinking time(ms);Search time(ms);Iterations;Visited nodes;Added nodes;Memorized states;Iterations/second;Nodes/second;Chosen move;Move score sum;Move visits;Avg move score;Avg search score [ white red ];
0;4991;4989;26226;526443.0;24702;0;5256.764882742033;105520.7456404089;null;-1;-1;-1;[ 62.35224586288416 37.64775413711584 ];
1;14991;14988;87944;1825661.0;79468;0;5867.627435281559;121808.17987723512;( drop 4 );5248050.0;82459;63.6443565893353;[ 63.01339488765578 36.98660511234422 ];
2;10000;9994;63062;1328924.0;58189;0;6309.985991594957;132972.183309986;noop;8737750.0;145520;60.04501099505222;[ 55.33919000348863 44.66080999651137 ];
3;10000;9983;73102;1370662.0;62710;0;7322.648502454172;137299.60933587098;( drop 4 );4612550.0;67196;68.6432228108816;[ 67.26012968181445 32.73987031818555 ];
4;10000;9984;88512;1627711.0;69247;0;8865.384615384615;163031.95112179487;noop;1.080405E7;155707;69.3870538896774;[ 69.95096710050615 30.049032899493852 ];
5;10000;9978;77799;1415409.0;64456;0;7797.053517739026;141852.9765484065;( drop 4 );6135400.0;77889;78.77107165325013;[ 77.72464941708762 22.275350582912377 ];
6;9999;9982;82800;1484708.0;62844;0;8294.930875576038;148738.52935283512;noop;1.28603E7;160688;80.03273424275615;[ 81.21980676328502 18.780193236714975 ];
7;10000;9978;5217202;5235604.0;1322;0;522870.51513329323;524714.7724994989;( drop 4 );5.216878E8;5216878;100.0;[ 99.99346392951624 0.0065360704837573854 ];
