Game step;Thinking time(ms);Search time(ms);Iterations;Visited nodes;Added nodes;Memorized states;Iterations/second;Nodes/second;Chosen move;Move score sum;Move visits;Avg move score;Avg search score [ white red ];
0;4989;4976;24992;531873.0;24744;0;5022.508038585209;106887.66077170418;null;-1;-1;-1;[ 55.491757362355955 44.508242637644045 ];
1;14990;14975;77336;1728000.0;76326;0;5164.340567612688;115392.3205342237;noop;3440700.0;77336;44.4902761973725;[ 55.5097238026275 44.4902761973725 ];
2;10000;9992;61926;1320486.0;58310;0;6197.55804643715;132154.323458767;( drop 4 );3329000.0;61516;54.116002340854415;[ 46.548299583373705 53.451700416626295 ];
3;10000;9982;64010;1440489.0;58769;0;6412.5425766379485;144308.65558004408;noop;6846100.0;125525;54.53973312089225;[ 45.0538978284643 54.9461021715357 ];
4;10000;9977;74809;1342551.0;65537;0;7498.145735190939;134564.59857672648;( drop 4 );3756650.0;60206;62.39660498953592;[ 38.73330748974054 61.26669251025946 ];
5;10000;9985;87596;1563344.0;69529;0;8772.759138708063;156569.25388082123;noop;9522650.0;147801;64.42886042719603;[ 34.17507648751084 65.82492351248915 ];
6;10000;9979;87705;1551477.0;69952;0;8788.956809299529;155474.19581120354;( drop 4 );5943400.0;84304;70.49962042133232;[ 30.53987800011402 69.46012199988598 ];
7;10000;9983;77769;1600193.0;63270;0;7790.143243513974;160291.7960532906;noop;1.141375E7;162072;70.42394738141073;[ 29.658990086023994 70.34100991397601 ];
8;10000;9980;5116302;5123676.0;481;0;512655.5110220441;513394.3887775551;( drop 4 );5.120032E8;5120032;100.0;[ 0.0033911211652478683 99.99660887883475 ];
