Game step;Thinking time(ms);Search time(ms);Iterations;Visited nodes;Added nodes;Memorized states;Iterations/second;Nodes/second;Chosen move;Move score sum;Move visits;Avg move score;Avg search score [ white black ];
0;4990;4989;16448;351101.0;16448;0;3296.8530767688917;70375.02505512127;null;-1;-1;-1;[ 48.26726653696498 51.73273346303502 ];
1;14990;14989;73519;1216609.0;73519;0;4904.863566615518;81166.7889785843;( move 3 2 3 3 );3050800.0;56635;53.86774962479032;[ 52.14842421686911 47.85157578313089 ];
2;10000;9995;59195;944129.0;59144;0;5922.461230615308;94460.13006503251;noop;5889100.0;115829;50.843053121411735;[ 47.94999577667033 52.05000422332967 ];
