Game step;Thinking time(ms);Search time(ms);Iterations;Visited nodes;Added nodes;Memorized states;Iterations/second;Nodes/second;Chosen move;Move score sum;Move visits;Avg move score;Avg search score [ white red ];
0;4991;4988;96184;1612742.0;90991;0;19283.07939053729;323324.3785084202;null;-1;-1;-1;[ 69.39563752807119 30.604362471928802 ];
1;14991;14988;275777;4994906.0;242134;0;18399.85321590606;333260.3416066186;( drop 5 );1.69729E7;223737;75.86094387606877;[ 74.15701817047832 25.84298182952168 ];
2;10000;9984;186255;3294042.0;157569;0;18655.34855769231;329932.0913461539;noop;3.031065E7;409991;73.9300374886278;[ 71.61015811656063 28.38984188343937 ];
3;10000;9971;134515;3001688.0;115025;0;13490.622806137799;301041.821281717;( drop 5 );1.911895E7;259671;73.62759029695268;[ 72.0120432665502 27.987956733449803 ];
4;10000;9962;163113;3439301.0;135339;0;16373.519373619754;345242.01967476413;noop;3.022855E7;422783;71.49897228601907;[ 68.10983796509169 31.890162034908315 ];
5;10000;9964;227903;3466310.0;135185;0;22872.64150943396;347883.380168607;( drop 5 );2.016605E7;240584;83.82124330795065;[ 83.18385453460463 16.816145465395365 ];
6;10000;9970;201149;3624085.0;92654;0;20175.42627883651;363498.9969909729;noop;3.692315E7;441732;83.58722030552461;[ 83.30739899278645 16.692601007213558 ];
7;10000;9970;2618265;2629759.0;1008;0;262614.34302908723;263767.20160481444;( drop 5 );2.629036E8;2629036;100.0;[ 99.98930589531618 0.010694104683826885 ];
