Game step;Thinking time(ms);Search time(ms);Iterations;Visited nodes;Added nodes;Memorized states;Iterations/second;Nodes/second;Chosen move;Move score sum;Move visits;Avg move score;Avg search score [ white black ];
0;4989;4987;17680;351282.0;17680;0;3545.217565670744;70439.54281130941;null;-1;-1;-1;[ 58.77828054298642 41.22171945701358 ];
1;14989;14987;68647;1160877.0;68647;0;4580.436378194435;77458.93107359712;( move 3 2 2 3 );1187600.0;19263;61.6518714634273;[ 59.2553206986467 40.7446793013533 ];
