Game step;Thinking time(ms);Search time(ms);Iterations;Visited nodes;Added nodes;Memorized states;Iterations/second;Nodes/second;Chosen move;Move score sum;Move visits;Avg move score;Avg search score [ white red ];
0;4991;4989;88280;1543154.0;83390;0;17694.928843455604;309311.28482661856;null;-1;-1;-1;[ 73.62086542818305 26.379134571816945 ];
1;14991;14989;245964;4760817.0;217212;0;16409.633731403028;317620.7218626993;( drop 4 );1.80715E7;239321;75.51155143092332;[ 75.15002195443236 24.849978045567646 ];
2;10000;9984;164741;3389954.0;144312;0;16500.50080128205;339538.6618589744;noop;3.062425E7;404061;75.7911552958588;[ 76.19687873692645 23.803121263073553 ];
3;10000;9971;180012;3284717.0;154423;0;18053.55531040016;329427.03841139306;( drop 3 );9485700.0;131051;72.38174451167866;[ 71.92631602337622 28.07368397662378 ];
4;9999;9958;167568;3330275.0;143763;0;16827.475396665996;334432.11488250655;noop;1.950425E7;298627;65.31308287596232;[ 59.78319249498711 40.21680750501289 ];
5;10000;9958;195104;3184880.0;140952;0;19592.689295039163;319831.2914239807;( drop 2 );1.05123E7;136451;77.04084250023818;[ 75.0953337707069 24.904666229293095 ];
6;10000;9964;182469;3251421.0;139043;0;18312.82617422722;326316.8406262545;noop;2.38386E7;318937;74.74391494244945;[ 73.02829521726979 26.971704782730217 ];
7;10000;9961;2508316;2525687.0;1737;0;251813.6733259713;253557.57454070877;( drop 1 );2.51183E8;2511830;100.0;[ 99.98626568582267 0.01373431417732056 ];
