Game step;Thinking time(ms);Search time(ms);Iterations;Visited nodes;Added nodes;Memorized states;Iterations/second;Nodes/second;Chosen move;Move score sum;Move visits;Avg move score;Avg search score [ white red ];
0;4993;4991;28043;593418.0;27777;0;5618.713684632338;118897.6157082749;null;-1;-1;-1;[ 57.895018364654284 42.104981635345716 ];
1;14993;14991;89347;1976804.0;87167;0;5960.042692282036;131866.0529651124;noop;3814550.0;89347;42.693655075156414;[ 57.306344924843586 42.693655075156414 ];
2;10000;9992;63761;1360474.0;60590;0;6381.204963971177;136156.32506004802;( drop 4 );3678850.0;60655;60.65204847085978;[ 40.08563228305704 59.91436771694296 ];
3;10000;9980;68791;1408922.0;63342;0;6892.885771543086;141174.54909819638;noop;8013600.0;129445;61.90737378809533;[ 36.98521608931401 63.01478391068599 ];
4;10000;9982;82023;1503778.0;68974;0;8217.090763374074;150648.96814265678;( drop 4 );5577050.0;85420;65.2897447904472;[ 36.04659668629531 63.95340331370469 ];
5;10000;9986;79802;1558491.0;67718;0;7991.387943120369;156067.59463248547;noop;1.07708E7;165221;65.19026031799832;[ 34.915791584170826 65.08420841582918 ];
6;10000;9981;79339;1468567.0;68520;0;7949.003105901213;147136.2588918946;( drop 4 );5227600.0;75512;69.22873185718827;[ 31.941415949280934 68.05858405071906 ];
7;10000;9979;90932;1685486.0;73975;0;9112.335905401344;168903.29692353943;noop;1.16072E7;166443;69.73678676784245;[ 29.840980073021598 70.1590199269784 ];
8;10000;9979;5624796;5628033.0;227;0;563663.2929151218;563987.6741156429;( drop 4 );5.625177E8;5625177;100.0;[ 0.003573462930922295 99.99642653706908 ];
