Game step;Thinking time(ms);Search time(ms);Iterations;Visited nodes;Added nodes;Memorized states;Iterations/second;Nodes/second;Chosen move;Move score sum;Move visits;Avg move score;Avg search score [ white red ];
0;4996;4993;27087;573773.0;26845;0;5424.994992990186;114915.48167434408;null;-1;-1;-1;[ 55.19806549267176 44.80193450732824 ];
1;14996;14992;84885;1930887.0;83470;0;5662.019743863394;128794.49039487727;noop;3854650.0;84885;45.410260941273485;[ 54.589739058726515 45.410260941273485 ];
2;10000;9994;66317;1423321.0;61601;0;6635.6814088453075;142417.5505303182;( drop 4 );3597500.0;67456;53.331060246679314;[ 47.19151951988178 52.80848048011822 ];
3;10000;9985;67214;1551866.0;61535;0;6731.4972458688035;155419.7295943916;noop;6991300.0;134669;51.9146945473717;[ 49.507543071383935 50.492456928616065 ];
4;9999;9983;70143;1409979.0;62833;0;7026.24461584694;141238.0046078333;( drop 4 );4574400.0;67638;67.6306218397942;[ 33.08099168840797 66.91900831159204 ];
5;10000;9987;90539;1796431.0;70308;0;9065.68539100831;179876.94002202863;noop;1.072355E7;158176;67.79505108233866;[ 32.08285932029291 67.91714067970709 ];
6;10000;9980;74699;1453138.0;65068;0;7484.869739478958;145605.0100200401;( drop 4 );5130600.0;73327;69.96877003013897;[ 30.984350526780812 69.01564947321918 ];
7;10000;9985;84440;1621847.0;70861;0;8456.685027541313;162428.34251377065;noop;1.09539E7;157766;69.43130966114371;[ 31.035054476551398 68.9649455234486 ];
8;10000;9971;5303397;5311072.0;516;0;531882.1582589509;532651.8904823989;( drop 4 );5.304125E8;5304125;100.0;[ 0.0033751951815034777 99.9966248048185 ];
