Game step;Thinking time(ms);Search time(ms);Iterations;Visited nodes;Added nodes;Memorized states;Iterations/second;Nodes/second;Chosen move;Move score sum;Move visits;Avg move score;Avg search score [ white black ];
0;4990;4988;14473;341218.0;14473;0;2901.563753007217;68407.77866880513;null;-1;-1;-1;[ 49.056864506322114 50.943135493677886 ];
1;14990;14987;72064;1237924.0;72062;0;4808.433976112631;82599.85320611196;( move 4 2 3 3 );3298900.0;62173;53.06000997217442;[ 51.36545293072824 48.63454706927176 ];
2;10000;9995;57047;909988.0;56961;0;5707.553776888444;91044.32216108053;noop;5916700.0;119219;49.62883433009839;[ 45.89023086227146 54.10976913772854 ];
3;10000;9984;53822;892487.0;53565;0;5390.82532051282;89391.72676282052;( move 3 3 4 4 );3901100.0;77836;50.119481987769156;[ 46.376946230166105 53.623053769833895 ];
4;10000;9967;53424;883529.0;53334;0;5360.088291361493;88645.42991873181;noop;6531200.0;131269;49.75432127920529;[ 49.21945193171608 50.78054806828392 ];
5;10000;9982;46317;748893.0;46317;0;4640.052093768783;75024.34381887397;( move 7 2 7 3 );1000400.0;17137;58.37661200910311;[ 55.08776475160308 44.91223524839692 ];
