Game step;Thinking time(ms);Search time(ms);Iterations;Visited nodes;Added nodes;Memorized states;Iterations/second;Nodes/second;Chosen move;Move score sum;Move visits;Avg move score;Avg search score [ white black ];
0;4996;4994;16271;350054.0;16271;0;3258.1097316780138;70094.91389667601;null;-1;-1;-1;[ 54.428123655583555 45.571876344416445 ];
1;14996;14993;72423;1177136.0;72423;0;4830.454211965584;78512.37244047222;( move 6 2 5 3 );1433600.0;25118;57.07460785094354;[ 55.714344890435356 44.285655109564644 ];
2;10000;9995;56465;839647.0;56416;0;5649.324662331165;84006.70335167584;noop;3763600.0;81582;46.13272535608345;[ 41.264500132825646 58.735499867174354 ];
