Game step;Thinking time(ms);Search time(ms);Iterations;Visited nodes;Added nodes;Memorized states;Iterations/second;Nodes/second;Chosen move;Move score sum;Move visits;Avg move score;Avg search score [ white black ];
0;4991;4988;13714;340367.0;13714;0;2749.3985565356857;68237.16920609462;null;-1;-1;-1;[ 54.06883476739099 45.93116523260901 ];
1;14991;14988;67269;1164513.0;67269;0;4488.1905524419535;77696.35708566854;( move 6 2 7 3 );3528600.0;56612;62.32954143997739;[ 60.76647489928496 39.23352510071504 ];
2;10000;9994;62235;919906.0;62206;0;6227.236341805083;92045.82749649789;noop;6405100.0;118846;53.89411507328812;[ 46.219972684180924 53.780027315819076 ];
