Game step;Thinking time(ms);Search time(ms);Iterations;Visited nodes;Added nodes;Memorized states;Iterations/second;Nodes/second;Chosen move;Move score sum;Move visits;Avg move score;Avg search score [ white red ];
0;4988;4986;39416;664773.0;37679;0;7905.334937825913;133327.91817087846;null;-1;-1;-1;[ 53.16876395372437 46.83123604627563 ];
1;14988;14986;102083;1981132.0;97610;0;6811.891098358468;132198.8522621113;noop;4935350.0;102083;48.346443580223934;[ 51.653556419776066 48.346443580223934 ];
