Game step;Thinking time(ms);Search time(ms);Iterations;Visited nodes;Added nodes;Memorized states;Iterations/second;Nodes/second;Chosen move;Move score sum;Move visits;Avg move score;Avg search score [ white red ];
0;5018;5015;89916;1493055.0;88615;0;17929.41176470588;297717.84646061814;null;-1;-1;-1;[ 34.91981404866765 65.08018595133235 ];
1;15018;15014;241110;4681548.0;234764;0;16059.011589183428;311812.1753030505;noop;1.4953E7;241110;62.017336485421595;[ 37.982663514578405 62.017336485421595 ];
2;10000;9985;176226;3169518.0;165000;0;17649.073610415624;317427.9419128693;( drop 5 );8023850.0;121300;66.14880461665292;[ 34.84020519106148 65.15979480893853 ];
3;10000;9967;155910;3167100.0;130403;0;15642.620648138858;317758.60339119093;noop;1.876295E7;277209;67.68521224058382;[ 31.119876852030018 68.88012314796998 ];
4;10000;9957;177723;3187068.0;143220;0;17849.050918951492;320083.1575775836;( drop 4 );8488950.0;131011;64.79570417751181;[ 36.04626300478835 63.95373699521165 ];
5;10000;9960;168555;3237372.0;122184;0;16923.192771084337;325037.3493975904;noop;2.011105E7;299745;67.09386311698277;[ 31.120999080418855 68.87900091958115 ];
6;10000;9962;1020220;3089531.0;2918;0;102411.1624171853;310131.6000803052;( drop 6 );1.0375785E8;1038732;99.88895114427976;[ 0.09698888475034796 99.90301111524965 ];
7;10000;9972;1272150;2550695.0;627;0;127572.20216606498;255785.6999598877;noop;2.3095685E8;2310912;99.9418627797164;[ 0.01454231026215462 99.98545768973784 ];
8;10000;9983;2523306;2524774.0;119;0;252760.2924972453;252907.34248221977;( drop 7 );2.869148E8;2869148;100.0;[ 0.002219310697949436 99.99778068930205 ];
