Game step;Thinking time(ms);Search time(ms);Iterations;Visited nodes;Added nodes;Memorized states;Iterations/second;Nodes/second;Chosen move;Move score sum;Move visits;Avg move score;Avg search score [ white red ];
0;4991;4988;28250;558876.0;25981;0;5663.592622293504;112044.10585404972;null;-1;-1;-1;[ 61.84778761061947 38.15221238938053 ];
1;14991;14987;92333;1903874.0;83598;0;6160.872756388871;127035.03035964502;( drop 4 );5210400.0;84301;61.807096001233674;[ 61.12549142776689 38.87450857223311 ];
2;10000;9993;63207;1336049.0;57703;0;6325.1275893125185;133698.48894225957;noop;8733200.0;147507;59.20532584894276;[ 55.73433322258611 44.26566677741389 ];
3;10000;9983;63151;1248839.0;58502;0;6325.853951717921;125096.56415907042;( drop 4 );2715800.0;40684;66.75351489529054;[ 65.42572564171589 34.574274358284114 ];
4;10000;9984;69803;1369060.0;62498;0;6991.486378205128;137125.40064102566;noop;7743450.0;110486;70.08535018011332;[ 72.0262739423807 27.9737260576193 ];
5;10000;9980;77521;1404760.0;64953;0;7767.635270541082;140757.5150300601;( drop 4 );5830600.0;75353;77.37714490464879;[ 76.46766682576335 23.53233317423666 ];
6;10000;9983;82931;1486131.0;66916;0;8307.222277872383;148866.1724932385;noop;1.24183E7;158283;78.45630926884125;[ 79.43712242707794 20.56287757292207 ];
7;10000;9982;5251154;5266244.0;1060;0;526062.3121618914;527574.0332598678;( drop 4 );5.251015E8;5251015;100.0;[ 99.99425840491442 0.005741595085575475 ];
