Game step;Thinking time(ms);Search time(ms);Iterations;Visited nodes;Added nodes;Memorized states;Iterations/second;Nodes/second;Chosen move;Move score sum;Move visits;Avg move score;Avg search score [ white red ];
0;4990;4988;26699;566245.0;26383;0;5352.646351242983;113521.45148356055;null;-1;-1;-1;[ 56.331697816397615 43.668302183602385 ];
1;14990;14987;88326;1937750.0;86055;0;5893.507706679122;129295.38933742578;noop;3857200.0;88326;43.67004053166678;[ 56.32995946833322 43.67004053166678 ];
2;10000;9994;62500;1314429.0;59778;0;6253.75225135081;131521.8130878527;( drop 4 );2936750.0;57011;51.51198891442002;[ 49.4816 50.5184 ];
3;10000;9984;64591;1367787.0;60303;0;6469.451121794872;136997.89663461538;noop;6149050.0;121601;50.56742954416493;[ 50.26551686767506 49.73448313232494 ];
4;10000;9983;80027;1513184.0;68954;0;8016.327757187219;151576.07933486928;( drop 4 );4960600.0;81538;60.83789153523511;[ 40.16581903607533 59.83418096392467 ];
5;10000;9984;85994;1670462.0;69651;0;8613.18108974359;167313.90224358975;noop;1.017475E7;167531;60.73353588291122;[ 39.36611856641161 60.63388143358839 ];
6;10000;9981;88155;1706015.0;67993;0;8832.281334535617;170926.2598937982;( drop 4 );7093400.0;96678;73.37139783611576;[ 29.251318700017016 70.74868129998299 ];
7;10000;9983;88389;1776175.0;63987;0;8853.951717920465;177919.9639386958;noop;1.364575E7;185066;73.73450552775766;[ 25.868037878016494 74.1319621219835 ];
8;10000;9980;5306719;5314316.0;512;0;531735.3707414829;532496.5931863728;( drop 4 );5.308774E8;5308774;100.0;[ 0.003646320824599908 99.9963536791754 ];
