Game step;Thinking time(ms);Search time(ms);Iterations;Visited nodes;Added nodes;Memorized states;Iterations/second;Nodes/second;Chosen move;Move score sum;Move visits;Avg move score;Avg search score [ white red ];
0;4988;4986;23535;482388.0;22977;0;4720.216606498195;96748.49578820699;null;-1;-1;-1;[ 60.83280220947525 39.16719779052475 ];
1;14988;14986;84810;1769879.0;78933;0;5659.281996530095;118102.16201788335;( drop 4 );5003900.0;78305;63.90268820637252;[ 63.17002711944346 36.82997288055654 ];
2;10000;9991;65499;1366107.0;59194;0;6555.800220198178;136733.76038434592;noop;9322000.0;143803;64.82479503209251;[ 65.92619734652438 34.073802653475624 ];
3;10000;9990;73503;1361572.0;63226;0;7357.657657657658;136293.4934934935;( drop 4 );4552100.0;68574;66.38230233032928;[ 64.67423098376938 35.32576901623063 ];
4;10000;9984;81748;1466179.0;66804;0;8187.900641025641;146852.86458333334;noop;1.007015E7;150321;66.99097265185836;[ 67.50195723442775 32.498042765572244 ];
5;10000;9981;76883;1351875.0;64557;0;7702.935577597435;135444.84520589118;( drop 4 );4329800.0;58261;74.31729630456051;[ 72.89322737146053 27.10677262853947 ];
6;10000;9983;84642;1483751.0;67277;0;8478.613643193428;148627.7672042472;noop;1.07846E7;142902;75.46850289009251;[ 76.26119420618605 23.738805793813945 ];
7;10000;9979;5278428;5289613.0;827;0;528953.6025653873;530074.4563583526;( drop 4 );5.278576E8;5278576;100.0;[ 99.99479011554197 0.005209884458024245 ];
