Game step;Thinking time(ms);Search time(ms);Iterations;Visited nodes;Added nodes;Memorized states;Iterations/second;Nodes/second;Chosen move;Move score sum;Move visits;Avg move score;Avg search score [ white red ];
0;5001;4998;26827;548814.0;25763;0;5367.547018807523;109806.72268907563;null;-1;-1;-1;[ 61.04670667610989 38.95329332389011 ];
1;15001;14998;92181;1937377.0;83449;0;6146.219495932791;129175.69009201227;( drop 4 );5181550.0;83773;61.852267437002375;[ 61.14654863800566 38.85345136199434 ];
2;10000;9994;64170;1363336.0;58940;0;6420.852511506904;136415.44926956174;noop;8875000.0;147942;59.98972570331617;[ 57.55726975222066 42.44273024777934 ];
3;10000;9985;71556;1368257.0;63834;0;7166.34952428643;137031.24687030545;( drop 4 );4558200.0;67092;67.93954569844392;[ 66.61565766672257 33.38434233327743 ];
4;10000;9985;85759;1558174.0;69775;0;8588.783174762144;156051.47721582375;noop;1.024685E7;152850;67.03859993457638;[ 66.33297962896023 33.667020371039776 ];
5;10000;9982;77182;1425670.0;63902;0;7732.117812061711;142824.08335003007;( drop 4 );6205500.0;78831;78.71903185295125;[ 77.76489336892021 22.235106631079784 ];
6;10000;9984;85944;1546622.0;67466;0;8608.173076923076;154910.0560897436;noop;1.31272E7;164774;79.667908772015;[ 80.53849017965187 19.461509820348134 ];
7;10000;9978;5257602;5266358.0;613;0;526919.422730006;527796.9532972539;( drop 4 );5.258368E8;5258368;100.0;[ 99.99582509288454 0.00417490711544921 ];
