Game step;Thinking time(ms);Search time(ms);Iterations;Visited nodes;Added nodes;Memorized states;Iterations/second;Nodes/second;Chosen move;Move score sum;Move visits;Avg move score;Avg search score [ white red ];
0;4996;4994;87384;1562217.0;82829;0;17497.797356828192;312818.78253904684;null;-1;-1;-1;[ 69.03437700265495 30.96562299734505 ];
1;14996;14994;262068;4907683.0;232682;0;17478.191276510603;327309.7905828998;( drop 4 );1.04808E7;148968;70.3560496213952;[ 69.7881847459438 30.211815254056198 ];
2;10000;9983;173819;3313386.0;139212;0;17411.499549233697;331902.83481919265;noop;2.2658E7;322786;70.19511379056092;[ 70.05678320551839 29.943216794481614 ];
3;10000;9968;198778;3297402.0;154611;0;19941.61316211878;330798.75601926167;( drop 5 );5979850.0;78411;76.26289678744054;[ 75.44999949692622 24.550000503073782 ];
4;10000;9958;179808;3358084.0;143026;0;18056.637879092188;337224.74392448284;noop;1.87899E7;258218;72.76758397942824;[ 71.24349305926322 28.756506940736784 ];
5;10000;9961;1041538;3202202.0;7019;0;104561.59020178697;321473.94839875516;( drop 3 );1.039266E8;1040714;99.86086475246802;[ 99.83404350105324 0.1659564989467499 ];
6;10000;9973;1308855;2627365.0;792;0;131239.84758848892;263447.80908452824;noop;2.3489245E8;2350628;99.92753000474767;[ 99.98300040875422 0.016999591245783527 ];
7;10000;9981;2297665;2302724.0;429;0;230203.88738603346;230710.75042580903;( drop 2 );1.32157E8;1321570;100.0;[ 99.99484259019482 0.005157409805171772 ];
