Game step;Thinking time(ms);Search time(ms);Iterations;Visited nodes;Added nodes;Memorized states;Iterations/second;Nodes/second;Chosen move;Move score sum;Move visits;Avg move score;Avg search score [ white red ];
0;4996;4993;86897;1546991.0;83110;0;17403.765271379933;309831.9647506509;null;-1;-1;-1;[ 71.15550594381854 28.844494056181457 ];
1;14996;14992;255746;4935248.0;220010;0;17058.83137673426;329192.1024546425;( drop 4 );1.864805E7;246503;75.65039776392173;[ 75.21427510107685 24.78572489892315 ];
2;10000;9985;179344;3336697.0;143644;0;17961.34201301953;334170.956434652;noop;3.198565E7;425846;75.11083819033172;[ 74.36881077705415 25.631189222945846 ];
3;10000;9972;168343;2954379.0;106885;0;16881.56839149619;296267.44885679905;( drop 5 );1.35989E7;165353;82.24162851596282;[ 81.96539208639504 18.03460791360496 ];
4;10000;9962;157957;3404464.0;115043;0;15855.952619955831;341745.03111824935;noop;2.47782E7;323325;76.63558339132452;[ 70.76609457004122 29.233905429958785 ];
5;10000;9966;1017243;3126070.0;6945;0;102071.34256472005;313673.48986554286;( drop 3 );1.0155345E8;1017198;99.83646251762194;[ 99.81813588296995 0.18186411703005084 ];
6;10000;9982;1273417;2579639.0;2678;0;127571.32839110399;258429.07233019435;noop;2.2882045E8;2290637;99.89380683189873;[ 99.9398468844063 0.060153115593713606 ];
7;10000;9984;2297796;2308957.0;815;0;230147.83653846153;231265.7251602564;( drop 2 );1.316858E8;1316858;100.0;[ 99.99255808609641 0.00744191390358413 ];
