Game step;Thinking time(ms);Search time(ms);Iterations;Visited nodes;Added nodes;Memorized states;Iterations/second;Nodes/second;Chosen move;Move score sum;Move visits;Avg move score;Avg search score [ white black ];
0;4990;4989;17911;357174.0;17911;0;3590.0982160753656;71592.30306674684;null;-1;-1;-1;[ 43.4258277036458 56.5741722963542 ];
1;14990;14989;69457;1218171.0;69457;0;4633.864834211755;81270.99873240376;( move 4 2 4 3 );2910700.0;53328;54.58108310831083;[ 51.0056581770016 48.9943418229984 ];
2;9999;9994;60588;885056.0;60588;0;6062.437462477486;88558.73524114469;noop;5770900.0;113915;50.659702409691434;[ 47.20736779560309 52.79263220439691 ];
