Game step;Thinking time(ms);Search time(ms);Iterations;Visited nodes;Added nodes;Memorized states;Iterations/second;Nodes/second;Chosen move;Move score sum;Move visits;Avg move score;Avg search score [ white black ];
0;4989;4987;17383;356638.0;17383;0;3485.662723080008;71513.5351914979;null;-1;-1;-1;[ 52.9943047805327 47.0056952194673 ];
1;14989;14987;63949;1150615.0;63949;0;4266.964702742377;76774.20431040235;( move 6 2 7 3 );2366200.0;39995;59.162395299412424;[ 53.5598680198283 46.4401319801717 ];
