Game step;Thinking time(ms);Search time(ms);Iterations;Visited nodes;Added nodes;Memorized states;Iterations/second;Nodes/second;Chosen move;Move score sum;Move visits;Avg move score;Avg search score [ white black ];
0;4997;4995;14037;341576.0;14037;0;2810.2102102102103;68383.58358358359;null;-1;-1;-1;[ 40.407494478877254 59.592505521122746 ];
1;14997;14995;71760;1218503.0;71760;0;4785.595198399466;81260.62020673558;( move 6 2 5 3 );2863700.0;60766;47.12668268439588;[ 45.5030657748049 54.4969342251951 ];
