Game step;Thinking time(ms);Search time(ms);Iterations;Visited nodes;Added nodes;Memorized states;Iterations/second;Nodes/second;Chosen move;Move score sum;Move visits;Avg move score;Avg search score [ white red ];
0;4987;4985;28222;557326.0;25676;0;5661.384152457372;111800.60180541626;null;-1;-1;-1;[ 62.46722415137127 37.53277584862873 ];
1;14987;14985;91666;1884916.0;82724;0;6117.183850517184;125786.85352018685;( drop 4 );5228950.0;84895;61.59314447258378;[ 60.944079593306135 39.055920406693865 ];
2;10000;9994;63011;1336371.0;57709;0;6304.882929757855;133717.33039823893;noop;8725650.0;147905;58.994962982995844;[ 55.49507228896542 44.50492771103458 ];
3;10000;9989;69162;1357856.0;61261;0;6923.8161978175995;135935.12864150567;( drop 4 );4467700.0;65634;68.06990279428345;[ 66.72883953616147 33.27116046383853 ];
4;10000;9979;67128;1342301.0;59620;0;6726.926545746067;134512.57641046197;noop;9359350.0;132761;70.4977365340725;[ 72.87197592658801 27.12802407341199 ];
5;10000;9979;67421;1313061.0;57597;0;6756.288205230985;131582.4230884858;( drop 4 );4822450.0;66336;72.69732875060299;[ 71.29010249032201 28.709897509677994 ];
6;10000;9981;70336;1402325.0;59175;0;7046.9892796313;140499.44895301072;noop;9919500.0;136671;72.57940601883355;[ 72.4671576433121 27.532842356687897 ];
7;10000;9979;5148372;5151968.0;248;0;515920.633329993;516280.99007916625;( drop 4 );5.148993E8;5148993;100.0;[ 99.99776628417682 0.0022337158231767245 ];
