Game step;Thinking time(ms);Search time(ms);Iterations;Visited nodes;Added nodes;Memorized states;Iterations/second;Nodes/second;Chosen move;Move score sum;Move visits;Avg move score;Avg search score [ white black ];
0;4990;4989;12733;335528.0;12733;0;2552.2148727199838;67253.55782721989;null;-1;-1;-1;[ 54.3783868687662 45.6216131312338 ];
1;14990;14988;71477;1205123.0;71477;0;4768.948492127035;80405.85801974914;( move 8 2 7 3 );1590300.0;27726;57.35771478035058;[ 56.10336192061782 43.89663807938218 ];
2;10000;9995;59806;912175.0;59645;0;5983.591795897949;91263.1315657829;noop;5003400.0;87531;57.16146279603797;[ 57.069524796843126 42.930475203156874 ];
