Game step;Thinking time(ms);Search time(ms);Iterations;Visited nodes;Added nodes;Memorized states;Iterations/second;Nodes/second;Chosen move;Move score sum;Move visits;Avg move score;Avg search score [ white red ];
0;4991;4988;23200;472922.0;22425;0;4651.162790697675;94811.94867682438;null;-1;-1;-1;[ 61.036637931034484 38.963362068965516 ];
1;14991;14987;80998;1668929.0;74311;0;5404.550610529125;111358.44398478682;( drop 4 );4875900.0;75390;64.67568643056109;[ 63.93985036667572 36.06014963332428 ];
2;10000;9995;74930;1540651.0;62720;0;7496.748374187094;154142.17108554277;noop;9345250.0;150319;62.16945296336458;[ 59.64700387027893 40.35299612972107 ];
3;10000;9983;85734;1410022.0;62877;0;8587.999599318842;141242.3119302815;( drop 5 );6254350.0;81760;76.4964530332681;[ 75.88996197541232 24.110038024587677 ];
4;10000;9985;89568;1600411.0;64708;0;8970.255383074611;160281.52228342515;noop;1.29996E7;171350;75.86577181208054;[ 75.28525812790282 24.71474187209718 ];
5;10000;9980;1031765;3242343.0;11655;0;103383.26653306613;324884.06813627254;( drop 3 );1.026768E8;1028658;99.81626546432342;[ 99.69605481868449 0.30394518131551274 ];
6;10000;9989;1585140;3214402.0;2858;0;158688.55741315446;321794.17359095;noop;2.611128E8;2613799;99.89781157617705;[ 99.95079298989364 0.049207010106362845 ];
7;10000;9989;4296156;4311698.0;925;0;430088.69756732404;431644.60906997696;( drop 6 );2.333101E8;2333101;100.0;[ 99.99361056721403 0.006389432785960286 ];
