Game step;Thinking time(ms);Search time(ms);Iterations;Visited nodes;Added nodes;Memorized states;Iterations/second;Nodes/second;Chosen move;Move score sum;Move visits;Avg move score;Avg search score [ white red ];
0;4990;4987;27341;583453.0;27133;0;5482.454381391618;116994.78644475636;null;-1;-1;-1;[ 55.57953257013277 44.42046742986723 ];
1;14990;14987;87355;1933098.0;85890;0;5828.718222459465;128984.98698872355;noop;3841350.0;87355;43.974014080476216;[ 56.025985919523784 43.974014080476216 ];
2;10000;9993;62594;1319874.0;59907;0;6263.784649254478;132079.85589912938;( drop 4 );2757050.0;54662;50.43814715890381;[ 50.55676262900597 49.44323737099403 ];
3;10000;9983;61441;1355888.0;58890;0;6154.562756686367;135819.69347891415;noop;5655550.0;116102;48.71190849425505;[ 52.82466105694894 47.17533894305106 ];
4;10000;9983;83785;1619197.0;68429;0;8392.767705098668;162195.43223479917;( drop 4 );5579550.0;83003;67.22106429888076;[ 33.5274810526944 66.4725189473056 ];
5;10000;9985;104347;2080301.0;73795;0;10450.375563345018;208342.61392088133;noop;1.25362E7;187349;66.9136211028615;[ 33.330618034059434 66.66938196594056 ];
6;10000;9982;98276;1658170.0;72687;0;9845.321578841915;166116.00881586855;( drop 4 );7676700.0;97228;78.95565063561936;[ 21.749969473727056 78.25003052627295 ];
7;10000;9985;119875;2010867.0;74349;0;12005.50826239359;201388.78317476215;noop;1.74478E7;217102;80.3668321802655;[ 18.48842544316997 81.51157455683003 ];
8;10000;9980;5509896;5522158.0;854;0;552093.7875751503;553322.4448897796;( drop 4 );5.509916E8;5509916;100.0;[ 0.0049002739797629575 99.99509972602024 ];
