Game step;Thinking time(ms);Search time(ms);Iterations;Visited nodes;Added nodes;Memorized states;Iterations/second;Nodes/second;Chosen move;Move score sum;Move visits;Avg move score;Avg search score [ white red ];
0;4989;4987;27333;586830.0;27127;0;5480.850210547424;117671.94706236215;null;-1;-1;-1;[ 56.74093586507153 43.25906413492847 ];
1;14989;14987;87045;1922817.0;85593;0;5808.0336291452595;128298.99246013211;noop;3766900.0;87045;43.27531736458154;[ 56.72468263541846 43.27531736458154 ];
2;10000;9994;62727;1323434.0;59674;0;6276.465879527716;132422.85371222734;( drop 4 );2885500.0;55842;51.67257619712761;[ 49.37188132702026 50.62811867297974 ];
3;10000;9983;65447;1443469.0;60375;0;6555.844936391866;144592.70760292496;noop;6157850.0;121288;50.77048017940769;[ 50.0 50.0 ];
4;10000;9980;80486;1565743.0;66653;0;8064.7294589178355;156888.0761523046;( drop 5 );2050000.0;36532;56.11518668564546;[ 45.80113311631837 54.19886688368163 ];
5;10000;9986;88337;1743883.0;73886;0;8846.084518325655;174632.78590026035;noop;6934800.0;124914;55.516595417647345;[ 44.728709374327856 55.271290625672144 ];
6;10000;9981;1217065;3766100.0;8965;0;121938.18254683899;377326.92115018534;( drop 6 );1.210233E8;1211564;99.8901419982766;[ 0.47893908706601535 99.52106091293399 ];
7;10000;9985;1844395;3706685.0;1377;0;184716.57486229343;371225.3380070105;noop;3.054796E8;3056618;99.94039163546115;[ 0.024479571892138074 99.97552042810786 ];
8;10000;9986;4596412;4601735.0;383;0;460285.5998397757;460818.6461045464;( drop 3 );2.517625E8;2517625;100.0;[ 0.0029914637765283006 99.99700853622348 ];
