Game step;Thinking time(ms);Search time(ms);Iterations;Visited nodes;Added nodes;Memorized states;Iterations/second;Nodes/second;Chosen move;Move score sum;Move visits;Avg move score;Avg search score [ white red ];
0;4989;4987;26542;533476.0;25075;0;5322.237818327652;106973.33065971526;null;-1;-1;-1;[ 61.42152060884636 38.57847939115364 ];
1;14989;14986;91320;1908040.0;82641;0;6093.687441612171;127321.50006672894;( drop 4 );5504150.0;85618;64.28729939965895;[ 63.62571178274201 36.37428821725799 ];
2;10000;9994;65798;1415910.0;58713;0;6583.75025015009;141676.00560336202;noop;9820750.0;151415;64.85982234256844;[ 65.60533754825374 34.39466245174626 ];
3;10000;9982;69040;1332893.0;62503;0;6916.449609296734;133529.65337607695;( drop 4 );4422650.0;65985;67.0250814579071;[ 65.3114136732329 34.688586326767094 ];
4;10000;9985;78931;1512023.0;66920;0;7904.957436154232;151429.44416624936;noop;9950750.0;144915;68.66611461891453;[ 70.03838795910352 29.96161204089648 ];
5;10000;9980;76077;1473146.0;62671;0;7622.945891783567;147609.81963927855;( drop 4 );5600450.0;75506;74.17225121182423;[ 73.1029088949354 26.897091105064607 ];
6;10000;9985;85953;1750315.0;64924;0;8608.212318477717;175294.44166249374;noop;1.18109E7;161458;73.15153166767828;[ 72.25518597372982 27.74481402627017 ];
7;10000;9981;5281232;5290369.0;573;0;529128.5442340447;530043.9835687807;( drop 4 );5.285549E8;5285549;100.0;[ 99.99640235460211 0.003597645397892007 ];
