Game step;Thinking time(ms);Search time(ms);Iterations;Visited nodes;Added nodes;Memorized states;Iterations/second;Nodes/second;Chosen move;Move score sum;Move visits;Avg move score;Avg search score [ white red ];
0;4990;4988;27368;578388.0;27049;0;5486.768243785084;115955.89414595028;null;-1;-1;-1;[ 55.265273311897104 44.734726688102896 ];
1;14990;14988;91596;1999672.0;88282;0;6111.28903122498;133418.2012276488;noop;4031100.0;91596;44.009563736407706;[ 55.990436263592294 44.009563736407706 ];
2;10000;9993;59023;1269312.0;56760;0;5906.434504152907;127020.1140798559;( drop 4 );2716450.0;52880;51.37008320726172;[ 49.645900750554866 50.354099249445134 ];
3;10000;9983;61312;1429640.0;57173;0;6141.640789341881;143207.4526695382;noop;5806550.0;114191;50.84945398499006;[ 49.59877348643006 50.40122651356994 ];
4;10000;9982;78384;1493234.0;68086;0;7852.534562211981;149592.66680024043;( drop 4 );3840050.0;69507;55.24695354424734;[ 45.837798530312305 54.162201469687695 ];
5;10000;9985;85466;1638282.0;72512;0;8559.439158738107;164074.3114672008;noop;8402100.0;154972;54.216890793175544;[ 46.62146350595558 53.37853649404442 ];
6;10000;9981;93439;1676145.0;72856;0;9361.687205690812;167933.5737902014;( drop 4 );6780200.0;95550;70.95970695970696;[ 30.60178298141033 69.39821701858966 ];
7;10000;9983;101630;1977438.0;64606;0;10180.306521085846;198080.53691275168;noop;1.41435E7;197179;71.72924094350819;[ 27.546984158220997 72.453015841779 ];
8;10000;9980;5271558;5278500.0;533;0;528212.2244488978;528907.8156312625;( drop 4 );5.274785E8;5274785;100.0;[ 0.0037749750642978794 99.9962250249357 ];
