Game step;Thinking time(ms);Search time(ms);Iterations;Visited nodes;Added nodes;Memorized states;Iterations/second;Nodes/second;Chosen move;Move score sum;Move visits;Avg move score;Avg search score [ white black ];
0;4990;4989;19453;359252.0;19453;0;3899.1781920224494;72008.81940268591;null;-1;-1;-1;[ 49.37027707808564 50.62972292191436 ];
1;14990;14988;74662;1189028.0;74662;0;4981.45182812917;79331.99893247931;( move 4 2 3 3 );919900.0;14641;62.83040775903285;[ 53.20511103372532 46.79488896627468 ];
2;10000;9994;59328;886220.0;59265;0;5936.361817090255;88675.20512307384;noop;3257500.0;73968;44.03931429807484;[ 39.40129449838188 60.59870550161812 ];
3;10000;9984;59332;890120.0;59101;0;5942.708333333333;89154.64743589744;( move 3 3 2 4 );1586300.0;31140;50.94091201027617;[ 48.72244320097081 51.27755679902919 ];
4;10000;9983;57127;914794.0;56193;0;5722.428127817289;91635.17980566964;noop;4374100.0;88266;49.55588788434958;[ 48.801792497418035 51.198207502581965 ];
5;10000;9984;56491;830363.0;56368;0;5658.153044871795;83169.37099358975;( move 7 2 8 3 );1432500.0;25958;55.185299329686416;[ 53.98913101201961 46.01086898798039 ];
