Game step;Thinking time(ms);Search time(ms);Iterations;Visited nodes;Added nodes;Memorized states;Iterations/second;Nodes/second;Chosen move;Move score sum;Move visits;Avg move score;Avg search score [ white red ];
0;4990;4988;82290;1457109.0;80544;0;16497.59422614274;292122.8949478749;null;-1;-1;-1;[ 42.63580021873861 57.36419978126139 ];
1;14990;14988;239964;4600802.0;231765;0;16010.408326661329;306965.7058980518;noop;1.399715E7;239964;58.330207864513014;[ 41.669792135486986 58.330207864513014 ];
2;10000;9986;146909;3274222.0;139316;0;14711.496094532346;327881.2337272181;( drop 4 );1.035585E7;165775;62.46931081284874;[ 38.261781102587314 61.738218897412686 ];
3;10000;9972;163791;3169167.0;145176;0;16425.09025270758;317806.5583634176;noop;2.02453E7;329565;61.4303703366559;[ 39.62152987648894 60.37847012351106 ];
4;10000;9959;180333;3037058.0;157692;0;18107.540917762828;304956.12009237875;( drop 5 );5794100.0;91639;63.227446829406695;[ 37.65561489023085 62.34438510976915 ];
5;10000;9967;167592;3066849.0;142304;0;16814.68847195746;307700.3110263871;noop;1.58528E7;259230;61.15341588550708;[ 39.98042866007924 60.01957133992076 ];
6;10000;9959;1031718;3124518.0;3035;0;103596.54583793554;313738.1263179034;( drop 6 );1.037253E8;1038623;99.86809458292373;[ 0.12716653193992933 99.87283346806007 ];
7;10000;9973;1287041;2582499.0;766;0;129052.54186303019;258949.0624686654;noop;2.3244735E8;2326124;99.92904505520772;[ 0.020162527844878292 99.97983747215513 ];
8;10000;9980;2517607;2517862.0;23;0;252265.23046092186;252290.78156312625;( drop 7 );2.888826E8;2888826;100.0;[ 6.752443888184296E-4 99.99932475561118 ];
