Game step;Thinking time(ms);Search time(ms);Iterations;Visited nodes;Added nodes;Memorized states;Iterations/second;Nodes/second;Chosen move;Move score sum;Move visits;Avg move score;Avg search score [ white black ];
0;4990;4989;16696;354873.0;16696;0;3346.5624373621968;71131.08839446784;null;-1;-1;-1;[ 51.86272160996646 48.13727839003354 ];
1;14990;14989;71170;1202526.0;71170;0;4748.148642337715;80227.23330442325;( move 4 2 3 3 );1933900.0;33498;57.731804883873664;[ 54.74778698889982 45.25221301110018 ];
