Game step;Thinking time(ms);Search time(ms);Iterations;Visited nodes;Added nodes;Memorized states;Iterations/second;Nodes/second;Chosen move;Move score sum;Move visits;Avg move score;Avg search score [ white red ];
0;4991;4989;27457;545910.0;25306;0;5503.50771697735;109422.73000601323;null;-1;-1;-1;[ 62.03154022653604 37.96845977346396 ];
1;14991;14989;87984;1845185.0;80295;0;5869.904596704249;123102.60857962506;( drop 4 );5338450.0;82531;64.68417927808945;[ 63.988907074013454 36.011092925986546 ];
2;10000;9994;64917;1386387.0;59109;0;6495.597358415049;138721.93315989594;noop;9527100.0;147447;64.61372560988016;[ 64.52316034320748 35.47683965679252 ];
3;10000;9984;70004;1363057.0;63177;0;7011.61858974359;136524.13862179487;( drop 4 );4977150.0;71114;69.98832859915066;[ 68.73250099994286 31.26749900005714 ];
4;10000;9985;86710;1783545.0;67926;0;8684.026039058588;178622.43365047572;noop;1.11698E7;157823;70.77422175475057;[ 71.41794487371699 28.582055126283013 ];
5;10000;9982;94754;1695120.0;69092;0;9492.486475656182;169817.67180925666;( drop 4 );7514250.0;90847;82.71324314506808;[ 81.90102792494248 18.098972075057517 ];
6;10000;9985;99555;1964839.0;61532;0;9970.455683525288;196779.06860290436;noop;1.57984E7;190401;82.97435412629136;[ 83.21179247652051 16.788207523479485 ];
7;10000;9982;5184302;5208460.0;1725;0;519365.05710278504;521785.2133840914;( drop 4 );5.183217E8;5183217;100.0;[ 99.99241942309688 0.007580576903120227 ];
