Game step;Thinking time(ms);Search time(ms);Iterations;Visited nodes;Added nodes;Memorized states;Iterations/second;Nodes/second;Chosen move;Move score sum;Move visits;Avg move score;Avg search score [ white red ];
0;4988;4986;28273;561671.0;26351;0;5670.477336542319;112649.61893301243;null;-1;-1;-1;[ 61.08831747603721 38.91168252396279 ];
1;14988;14985;87215;1799503.0;80130;0;5820.153486820153;120086.95362028695;( drop 4 );5049850.0;81459;61.99253612246652;[ 61.34437883391618 38.65562116608382 ];
2;10000;9995;61383;1261354.0;53552;0;6141.370685342671;126198.49924962482;noop;8738200.0;142841;61.1743126973348;[ 60.08911262075819 39.91088737924181 ];
3;10000;9983;63604;1216551.0;57752;0;6371.231092857858;121862.26585194831;( drop 4 );3712300.0;57010;65.11664620242063;[ 63.37966165649959 36.62033834350041 ];
4;10000;9981;73381;1422407.0;63146;0;7352.0689309688405;142511.47179641319;noop;8865100.0;130390;67.98910959429404;[ 70.21981166787043 29.78018833212957 ];
5;10000;9975;66584;1309390.0;55959;0;6675.087719298245;131267.1679197995;( drop 4 );4888600.0;65173;75.00958986083194;[ 73.71140213865193 26.288597861348073 ];
6;10000;9980;74920;1482146.0;60733;0;7507.014028056112;148511.623246493;noop;1.039745E7;140092;74.21872769323016;[ 73.53109983982915 26.46890016017085 ];
7;10000;9979;5613243;5616595.0;216;0;562505.561679527;562841.4670808698;( drop 4 );5.613909E8;5613909;100.0;[ 99.99730102545 0.0026989745500061195 ];
