Game step;Thinking time(ms);Search time(ms);Iterations;Visited nodes;Added nodes;Memorized states;Iterations/second;Nodes/second;Chosen move;Move score sum;Move visits;Avg move score;Avg search score [ white red ];
0;4988;4983;21597;438611.0;20680;0;4334.1360626128835;88021.47300822797;null;-1;-1;-1;[ 60.038431263601424 39.961568736398576 ];
1;14988;14983;81844;1693209.0;75928;0;5462.457451778682;113008.67650003337;( drop 4 );4717400.0;74674;63.17325976912982;[ 62.39614388348566 37.60385611651434 ];
2;10001;9992;65361;1348806.0;57391;0;6541.333066453162;134988.59087269817;noop;8514050.0;140034;60.799877172686635;[ 58.088921528128395 41.911078471871605 ];
3;10000;9988;81812;1335690.0;62401;0;8191.029235082098;133729.47537044453;( drop 3 );5545700.0;74541;74.39798231845562;[ 73.5515572287684 26.448442771231605 ];
4;10000;9983;85118;1575700.0;62139;0;8526.294700991686;157838.3251527597;noop;1.203125E7;159693;75.33987087724572;[ 76.16485349749759 23.835146502502408 ];
5;10000;9978;981488;3170150.0;16838;0;98365.20344758469;317713.9707356184;( drop 5 );9.74851E7;977039;99.77605806932988;[ 99.55419730042547 0.44580269957452356 ];
6;10000;9985;1602378;3254334.0;3300;0;160478.517776665;325922.2834251377;noop;2.576509E8;2579506;99.88381496302006;[ 99.95001179496973 0.04998820503027376 ];
7;10000;9986;4152938;4173929.0;1308;0;415876.02643701184;417978.06929701584;( drop 2 );2.254015E8;2254015;100.0;[ 99.99347449925811 0.00652550074188442 ];
