Game step;Thinking time(ms);Search time(ms);Iterations;Visited nodes;Added nodes;Memorized states;Iterations/second;Nodes/second;Chosen move;Move score sum;Move visits;Avg move score;Avg search score [ white black ];
0;4981;4977;17072;341609.0;17072;0;3430.178822583886;68637.53265019087;null;-1;-1;-1;[ 63.138472352389876 36.861527647610124 ];
1;14981;14976;74942;1179513.0;74942;0;5004.139957264957;78760.21634615384;( move 3 2 4 3 );2645700.0;43971;60.169202428873575;[ 58.57996850898028 41.42003149101972 ];
2;10000;9983;58076;905126.0;58075;0;5817.489732545327;90666.73344685967;noop;5428000.0;102046;53.19169786174862;[ 47.909635649838144 52.090364350161856 ];
