Game step;Thinking time(ms);Search time(ms);Iterations;Visited nodes;Added nodes;Memorized states;Iterations/second;Nodes/second;Chosen move;Move score sum;Move visits;Avg move score;Avg search score [ white red ];
0;4991;4989;91873;1540939.0;87475;0;18415.113249148126;308867.3080777711;null;-1;-1;-1;[ 69.79362816061303 30.20637183938698 ];
1;14991;14989;251427;4827236.0;229149;0;16774.101007405432;322051.90473013546;( drop 4 );1.59172E7;226810;70.1785635553988;[ 69.70054926479654 30.299450735203457 ];
2;10000;9986;167098;3314518.0;137811;0;16733.226517123974;331916.4830763068;noop;2.783625E7;393907;70.66706100678587;[ 71.33029719087003 28.669702809129973 ];
3;10000;9969;198020;3230112.0;151467;0;19863.577088975824;324015.64851038216;( drop 6 );1.36129E7;170204;79.97990646518296;[ 78.66377133622866 21.336228663771337 ];
4;10000;9959;167493;3342628.0;125651;0;16818.254844863943;335638.919570238;noop;2.685165E7;337715;79.50979376101151;[ 79.03345214426872 20.966547855731285 ];
5;10298;10260;187119;2946292.0;131093;0;18237.719298245614;287162.962962963;( drop 3 );1.33479E7;163924;81.42736878065445;[ 80.84828371250381 19.151716287496193 ];
6;10000;9960;199148;3185511.0;133157;0;19994.779116465863;319830.421686747;noop;2.80726E7;363091;77.3156040772148;[ 73.93094582923253 26.06905417076747 ];
7;10000;9966;2525112;2546451.0;1738;0;253372.6670680313;255513.84708007224;( drop 5 );2.524425E8;2524425;100.0;[ 99.9844759361169 0.015524063883106967 ];
